[
    {
        "pk": 1,
        "model": "api.ItemsEquipBook",
        "fields": {
            "book_id": 1
        }
    },
    {
        "pk": 1,
        "model": "api.WeaponItemEquip",
        "fields": {
            "name": "Алебарда",
            "description": "Древковое оружие состоит из рукояти, обычно деревянной, и металлического острия или лезвия на её конце. Это классическое военное оружие, чей широкий радиус действия делает его отличным выбором против крупных противников.",
            "ranged_weapon": false,
            "melee_weapon": true,
            "onehanded": false,
            "twohanded": true,
            "min_dmg": 1,
            "max_dmg": 10,
            "weight": 6,
            "effective_range": 5,
            "max_range": 5,
            "dmg_type": "рубящий",
            "default_price": 2000,
            "item_type": "weapon",
            "book_id": 1
        }
    },
    {
        "pk": 2,
        "model": "api.WeaponItemEquip",
        "fields": {
            "name": "Арбалет лёгкий",
            "description": "Арбалет — это простое механическое оружие, активируемое нажатием на спусковой крючок, чтобы отпустить защёлку на тетиве, посылая болт к цели.",
            "ranged_weapon": true,
            "melee_weapon": false,
            "onehanded": false,
            "twohanded": true,
            "min_dmg": 1,
            "max_dmg": 8,
            "weight": 5,
            "effective_range": 80,
            "max_range": 320,
            "dmg_type": "колющий",
            "default_price": 2500,
            "item_type": "weapon",
            "book_id": 1
        }
    },
    {
        "pk": 3,
        "model": "api.WeaponItemEquip",
        "fields": {
            "name": "Арбалет ручной",
            "ranged_weapon": true,
            "melee_weapon": false,
            "onehanded": true,
            "twohanded": false,
            "min_dmg": 1,
            "max_dmg": 6,
            "weight": 6,
            "effective_range": 30,
            "max_range": 120,
            "dmg_type": "колющий",
            "default_price": 7500,
            "item_type": "weapon",
            "description": "Арбалет — это простое механическое оружие, активируемое нажатием на спусковой крючок, чтобы отпустить защёлку на тетиве, посылая болт к цели.",
            "book_id": 1
        }
    },
    {
        "pk": 4,
        "model": "api.WeaponItemEquip",
        "fields": {
            "name": "Арбалет тяжёлый",
            "ranged_weapon": true,
            "melee_weapon": false,
            "onehanded": false,
            "twohanded": true,
            "min_dmg": 1,
            "max_dmg": 10,
            "effective_range": 100,
            "max_range": 400,
            "weight" : 18,
            "dmg_type": "колющий",
            "default_price": 5000,
            "item_type": "weapon",
            "description": "Арбалет — это простое механическое оружие, активируемое нажатием на спусковой крючок, чтобы отпустить защёлку на тетиве, посылая болт к цели.",
            "book_id": 1
        }
    },
    {
        "pk": 5,
        "model": "api.WeaponItemEquip",
        "fields": {
            "name": "Боевая кирка (клевец)",
            "ranged_weapon": false,
            "melee_weapon": true,
            "onehanded": true,
            "twohanded": false,
            "min_dmg": 1,
            "max_dmg": 8,
            "effective_range": 5,
            "max_range": 5,
            "weight" : 2,
            "dmg_type": "колющий",
            "default_price": 500,
            "item_type": "weapon",
            "description": "Маленький, острый шип с рукоятью, традиционно используемый для разрушения льда или камня. Кирку легко спрятать и она эффективен в ближнем бою.",
            "book_id": 1
        }
    },
    {
        "pk": 6,
        "model": "api.WeaponItemEquip",
        "fields": {
            "name": "Боевой молот",
            "ranged_weapon": false,
            "melee_weapon": true,
            "onehanded": true,
            "twohanded": false,
            "min_dmg": 1,
            "max_dmg": 8,
            "effective_range": 5,
            "max_range": 5,
            "weight" : 2,
            "dmg_type": "дробящий",
            "default_price": 1500,
            "item_type": "weapon",
            "description": "Используемые как инструменты для строительства, сноса и ковки, молотки стали излюбленным оружием среди некоторых из самых крепких рас, включая орков и дварфов, которые очень сильны от природы.",
            "book_id": 1
        }
    },
    {
        "pk": 7,
        "model": "api.WeaponItemEquip",
        "fields": {
            "name": "Боевой посох",
            "ranged_weapon": false,
            "melee_weapon": true,
            "onehanded": false,
            "twohanded": true,
            "min_dmg": 1,
            "max_dmg": 6,
            "effective_range": 5,
            "max_range": 5,
            "weight" : 4,
            "dmg_type": "дробящий",
            "default_price": 2000,
            "item_type": "weapon",
            "description": "",
            "book_id": 1
        }
    },
    {
        "pk": 8,
        "model": "api.WeaponItemEquip",
        "fields": {
            "name": "Боевой топор",
            "ranged_weapon": false,
            "melee_weapon": true,
            "onehanded": false,
            "twohanded": true,
            "min_dmg": 1,
            "max_dmg": 10,
            "effective_range": 5,
            "max_range": 5,
            "weight" : 4,
            "dmg_type": "рубящий",
            "default_price": 1000,
            "item_type": "weapon",
            "description": "Изначально топоры предназначались для рубки деревьев и раскалывания поленьев, но потом стали популярным оружием среди лесных жителей. Топоры очень разнообразны по размеру и стилю. У некоторых есть одно лезвие, а у других — два.",
            "book_id": 1
        }
    },
    {
        "pk": 9,
        "model": "api.WeaponItemEquip",
        "fields": {
            "name": "Булава",
            "ranged_weapon": false,
            "melee_weapon": true,
            "onehanded": true,
            "twohanded": false,
            "min_dmg": 1,
            "max_dmg": 6,
            "effective_range": 5,
            "max_range": 5,
            "weight" : 1,
            "dmg_type": "дробящий",
            "default_price": 500,
            "item_type": "weapon",
            "description": "Булава — короткодревковое ударно-дробящее холодное оружие в виде рукояти с шаровидной ударной частью — навершием.",
            "book_id": 1
        }
    },
    {
        "pk": 10,
        "model": "api.WeaponItemEquip",
        "fields": {
            "name": "Глефа",
            "ranged_weapon": false,
            "melee_weapon": true,
            "onehanded": false,
            "twohanded": true,
            "min_dmg": 1,
            "max_dmg": 10,
            "effective_range": 5,
            "max_range": 5,
            "weight" : 6,
            "dmg_type": "рубящий",
            "default_price": 2000,
            "item_type": "weapon",
            "description": "Глефа — вид древкового холодного оружия ближнего боя. Состоит из древка и наконечника. Древко обычно покрывается заклёпками или увивается металлической лентой для предохранения от перерубания. Наконечник — клинок, имеет вид заточенного только с одной стороны широкого фальшиона.",
            "book_id": 1
        }
    },
    {
        "pk": 11,
        "model": "api.WeaponItemEquip",
        "fields": {
            "name": "Двуручный меч",
            "ranged_weapon": false,
            "melee_weapon": true,
            "onehanded": false,
            "twohanded": true,
            "min_dmg": 2,
            "max_dmg": 6,
            "effective_range": 5,
            "max_range": 5,
            "weight" : 6,
            "dmg_type": "рубящий",
            "default_price": 5000,
            "item_type": "weapon",
            "description": "Вечная классика, мечи, сделаны из длинного куска металла, заостренного с двух сторон и закрепленного на прочной рукояти. Мечи бывают разной длины и веса и могут быть как разукрашены, так и нет, в зависимости от богатства и вкуса владельца.,Двуручный меч — это мощное оружие, требующее огромной силы и умения для эффективного использования. Любой неподготовленный герой может ранить себя больше, чем противника, если попытается его использовать!,Будучи двуручным оружием, мечи могут наносить мощные удары, убивая небольших существ с одного попадания. Из-за своих размеров и цены, двуручные мечи ассоциируются с паладинами, воинами и варварами, хотя любой обученный боец с достаточной силой может использовать такой меч, получив мощного союзника в бою!",
            "book_id": 1
        }
    },
    {
        "pk": 12,
        "model": "api.WeaponItemEquip",
        "fields": {
            "name": "Двуручный топор (cекира)",
            "ranged_weapon": false,
            "melee_weapon": true,
            "onehanded": false,
            "twohanded": true,
            "min_dmg": 1,
            "max_dmg": 12,
            "effective_range": 5,
            "max_range": 5,
            "weight" : 7,
            "dmg_type": "колющий",
            "default_price": 3000,
            "item_type": "weapon",
            "description": "Изначально топоры предназначались для рубки деревьев и раскалывания поленьев, но потом стали популярным оружием среди лесных жителей. Топоры очень разнообразны по размеру и стилю. У некоторых есть одно лезвие, а у других — два.,Ручные топоры можно использовать и как рукопашное и как метательное оружие, а некоторые искатели приключений учатся драться двумя ручными топорами одновременно! Всё же большинство топоров — инструменты, но некоторые из самых стильных топоров специально сделаны как оружие.",
            "book_id": 1
        }
    },
    {
        "pk": 13,
        "model": "api.WeaponItemEquip",
        "fields": {
            "name": "Длинное копьё",
            "ranged_weapon": false,
            "melee_weapon": true,
            "onehanded": false,
            "twohanded": true,
            "min_dmg": 1,
            "max_dmg": 12,
            "effective_range": 5,
            "max_range": 5,
            "weight" : 6,
            "dmg_type": "колющий",
            "default_price": 1000,
            "item_type": "weapon",
            "description": "Вы совершаете с помехой атаки длинным копьём по существам, находящимся в пределах 5 футов от вас. Кроме того, если вы не находитесь верхом, длинное копьё используется двумя руками.",
            "book_id": 1
        }
    },
    {
        "pk": 14,
        "model": "api.WeaponItemEquip",
        "fields": {
            "name": "Длинный лук",
            "ranged_weapon": true,
            "melee_weapon": false,
            "onehanded": false,
            "twohanded": true,
            "min_dmg": 1,
            "max_dmg": 8,
            "effective_range": 150,
            "max_range": 600,
            "weight" : 2,
            "dmg_type": "колющий",
            "default_price": 5000,
            "item_type": "weapon",
            "description": "Длинные луки используют натяжение тетивы рукой, чтобы посылать стрелу к цели. Длинные луки на пару футов выше, но их не так легко носить с собой.",
            "book_id": 1
        }
    },
    {
        "pk": 15,
        "model": "api.WeaponItemEquip",
        "fields": {
            "name": "Длинный меч",
            "ranged_weapon": false,
            "melee_weapon": true,
            "onehanded": true,
            "twohanded": false,
            "min_dmg": 1,
            "max_dmg": 8,
            "effective_range": 5,
            "max_range": 5,
            "weight" : 3,
            "dmg_type": "рубящий",
            "default_price": 1500,
            "item_type": "weapon",
            "description": "Вечная классика, мечи, сделаны из длинного куска металла, заостренного с двух сторон и закрепленного на прочной рукояти. Мечи бывают разной длины и веса и могут быть как разукрашены, так и нет, в зависимости от богатства и вкуса владельца. Мечами рубить врагов, коля их острым концом и даже наносить тупые удары лезвием плашмя или рукоятью. Чем больше ваш боец может придумать применений для меча, тем сложнее будет врагам от них отбиваться!,Универсальность длинного меча предлагает отличный баланс между скоростью короткого меча и огромной силой двуручного меча. Как одноручное оружие, он позволяет герою наносить быстрые, резкие удары, в то же время позволяя использовать щит в качестве дополнительной защиты. Используемые обеими руками, длинные мечи концентрируют в нанесении ударов всю силу бойца.,Длинный меч — отличный выбор, когда Вы не уверены, с какой опасностью столкнетесь. Независимо от того, связываетесь ли Вы с большим количеством мелких противников, которых нужно быстро уничтожить, или мощным зверем, которого можно победить только сильными ударами, длинный меч пойдёт вам всегда!",
            "book_id": 1
        }
    },
    {
        "pk": 16,
        "model": "api.WeaponItemEquip",
        "fields": {
            "name": "Дубинка",
            "ranged_weapon": false,
            "melee_weapon": true,
            "onehanded": true,
            "twohanded": false,
            "min_dmg": 1,
            "max_dmg": 4,
            "effective_range": 5,
            "max_range": 5,
            "weight" : 2,
            "dmg_type": "дробящий",
            "default_price": 100,
            "item_type": "weapon",
            "description": "Умение обращаться с дубиной позволяет вам добавить бонус мастерства к броску атаки за любую атаку, которую вы совершаете с ее помощью.",
            "book_id": 1
        }
    },
    {
        "pk": 17,
        "model": "api.WeaponItemEquip",
        "fields": {
            "name": "Духовая трубка",
            "ranged_weapon": true,
            "melee_weapon": false,
            "onehanded": true,
            "twohanded": false,
            "min_dmg": 1,
            "max_dmg": 1,
            "effective_range": 25,
            "max_range": 100,
            "weight" : 1,
            "dmg_type": "колющий",
            "default_price": 1000,
            "item_type": "weapon",
            "description": "Может стрелять иглами для трубки.",
            "book_id": 1
        }
    },
    {
        "pk": 18,
        "model": "api.WeaponItemEquip",
        "fields": {
            "name": "Кинжал",
            "ranged_weapon": false,
            "melee_weapon": true,
            "onehanded": true,
            "twohanded": false,
            "min_dmg": 1,
            "max_dmg": 4,
            "effective_range": 5,
            "max_range": 5,
            "weight" : 1,
            "dmg_type": "колющий",
            "default_price": 2000,
            "item_type": "weapon",
            "description": "Кинжал холодное оружие с коротким прямым или изогнутым клинком, заточенным с двух сторон.",
            "book_id": 1
        }
    },
    {
        "pk": 19,
        "model": "api.WeaponItemEquip",
        "fields": {
            "name": "Кнут",
            "ranged_weapon": false,
            "melee_weapon": true,
            "onehanded": true,
            "twohanded": false,
            "min_dmg": 1,
            "max_dmg": 4,
            "effective_range": 5,
            "max_range": 5,
            "weight" : 3,
            "dmg_type": "рубящий",
            "default_price": 2000,
            "item_type": "weapon",
            "description": "Некоторые кнуты бьют на расстоянии, давая большую дальность, чем большинство оружия ближнего боя!",
            "book_id": 1
        }
    },
    {
        "pk": 20,
        "model": "api.WeaponItemEquip",
        "fields": {
            "name": "Копьё",
            "ranged_weapon": true,
            "melee_weapon": true,
            "onehanded": true,
            "twohanded": false,
            "min_dmg": 1,
            "max_dmg": 6,
            "effective_range": 5,
            "max_range": 60,
            "weight" : 3,
            "dmg_type": "колющий",
            "default_price": 1000,
            "item_type": "weapon",
            "description": "Копьё — древковое оружие, состоящее из деревянного древка и наконечника, который может быть любой формы и сделан из любого материала.",
            "book_id": 1
        }
    },
    {
        "pk": 21,
        "model": "api.WeaponItemEquip",
        "fields": {
            "name": "Короткий лук",
            "ranged_weapon": true,
            "melee_weapon": false,
            "onehanded": false,
            "twohanded": true,
            "min_dmg": 1,
            "max_dmg": 6,
            "effective_range": 80,
            "max_range": 320,
            "weight" : 2,
            "dmg_type": "колющий",
            "default_price": 2500,
            "item_type": "weapon",
            "description": "Копьё — древковое оружие, состоящее из деревянного древка и наконечника, который может быть любой формы и сделан из любого материала.",
            "book_id": 1
        }
    },
    {
        "pk": 20,
        "model": "api.WeaponItemEquip",
        "fields": {
            "name": "Короткий меч",
            "ranged_weapon": false,
            "melee_weapon": true,
            "onehanded": true,
            "twohanded": false,
            "min_dmg": 1,
            "max_dmg": 6,
            "effective_range": 5,
            "max_range": 5,
            "weight" : 2,
            "dmg_type": "колющий",
            "default_price": 1000,
            "item_type": "weapon",
            "description": "Как одноручное оружие, короткие мечи позволяют своему владельцу также носить щит — важный фактор для бойцов, которым недоступна прочная броня. Не стоит недооценивать ущерб, который умелый герой может нанести одним из этих быстрых, острых орудий!",
            "book_id": 1
        }
    },
    {
        "pk": 20,
        "model": "api.WeaponItemEquip",
        "fields": {
            "name": "Лёгкий молот",
            "ranged_weapon": true,
            "melee_weapon": true,
            "onehanded": true,
            "twohanded": false,
            "min_dmg": 1,
            "max_dmg": 4,
            "effective_range": 5,
            "max_range": 60,
            "weight" : 2,
            "dmg_type": "дробящий",
            "default_price": 200,
            "item_type": "weapon",
            "description": "Используемые как инструменты для строительства, сноса и ковки, молотки стали излюбленным оружием среди некоторых из самых крепких рас, включая орков и дварфов, которые очень сильны от природы.,Размеры молотков варьируются от кузнечных молотков до огромных боевых молотов. Многие из них — просто тяжёлые тупые штуки для битья врагов и пробивания доспехов, но другие, например — боевые молоты сконструированы как впечатляющее сокрушительное оружие с длинной рукоятью и маленькой тяжёлой головкой, которое можно использовать быстро и ловко.",
            "book_id": 1
        }
    },
    {
        "pk": 21,
        "model": "api.WeaponItemEquip",
        "fields": {
            "name": "Метательное копьё",
            "ranged_weapon": true,
            "melee_weapon": false,
            "onehanded": true,
            "twohanded": false,
            "min_dmg": 1,
            "max_dmg": 6,
            "effective_range": 30,
            "max_range": 60,
            "weight" : 2,
            "dmg_type": "колющий",
            "default_price": 50,
            "item_type": "weapon",
            "description": "Метательное копьё - представляющее собой копьё, несколько уменьшенное и облегчённое по сравнению с копьями для рукопашного боя и соответствующим образом уравновешенное для удобства метания.",
            "book_id": 1
        }
    },
    {
        "pk": 23,
        "model": "api.WeaponItemEquip",
        "fields": {
            "name": "Молот",
            "ranged_weapon": false,
            "melee_weapon": true,
            "onehanded": false,
            "twohanded": true,
            "min_dmg": 2,
            "max_dmg": 6,
            "effective_range": 5,
            "max_range": 5,
            "weight" : 10,
            "dmg_type": "рубящий",
            "default_price": 1000,
            "item_type": "weapon",
            "description": "",
            "book_id": 1
        }
    },
    {
        "pk": 24,
        "model": "api.WeaponItemEquip",
        "fields": {
            "name": "Мушкет",
            "ranged_weapon": true,
            "melee_weapon": false,
            "onehanded": false,
            "twohanded": true,
            "min_dmg": 1,
            "max_dmg": 12,
            "effective_range": 40,
            "max_range": 120,
            "weight" : 10,
            "dmg_type": "колющий",
            "default_price": 50000,
            "item_type": "weapon",
            "description": "Владение. Мастер сам решает, владеет ли персонаж обращением с огнестрельным оружием. У персонажей в большинстве миров таких навыков нет. Во время простоя персонажи могут использовать правила обучения из Книги игрока, чтобы получить владение этим навыком, при условии, что у них есть достаточное количество боеприпасов, чтобы оружие можно было использовать во время обучения.,Порох. Порох преимущественно используется для приведения в движение пули в стволе пистолета или винтовки, а также для изготовления бомб. Порох продаётся в маленьких деревянных бочонках или водонепроницаемых рожках.,Поджигание контейнера с порохом может вызвать взрыв, причиняющий урон огнём всем существам в пределах 10 футов от него (3к6 от рожка, 7к6 от бочонка). Успешный спасбросок Ловкости со Сл 12 уменьшает урон вдвое. Подожжённая унция пороха просто горит 1 раунд, распространяя яркий свет в радиусе 30 футов и тусклый свет в пределах ещё 30 футов.",
            "book_id": 1
        }
    },
    {
        "pk": 25,
        "model": "api.WeaponItemEquip",
        "fields": {
            "name": "Палица (дубина)",
            "ranged_weapon": false,
            "melee_weapon": true,
            "onehanded": false,
            "twohanded": true,
            "min_dmg": 2,
            "max_dmg": 6,
            "effective_range": 5,
            "max_range": 5,
            "weight" : 10,
            "dmg_type": "дробящий",
            "default_price": 200,
            "item_type": "weapon",
            "description": "Палицы - это тяжелые куски дерева, которые могут использовать практически все классы, кроме магов и колдунов. Они являются типичным оружием для друидов, которые обычно вооружены палицами или посохами.",
            "book_id": 1
        }
    },
    {
        "pk": 26,
        "model": "api.WeaponItemEquip",
        "fields": {
            "name": "Моргенштерн",
            "ranged_weapon": false,
            "melee_weapon": true,
            "onehanded": true,
            "twohanded": false,
            "min_dmg": 1,
            "max_dmg": 8,
            "effective_range": 5,
            "max_range": 5,
            "weight" : 4,
            "dmg_type": "колющий",
            "default_price": 200,
            "item_type": "weapon",
            "description": "Холодное оружие ударно-дробящего действия в виде металлического шарика, снабжённого шипами. Используется в качестве навершия булав, палиц. Такое навершие сильно увеличивает вес оружия, что оказывает сильное моральное воздействие на противника, устрашая его своим видом.",
            "book_id": 1
        }
    },
    {
        "pk": 27,
        "model": "api.WeaponItemEquip",
        "fields": {
            "name": "Пика",
            "ranged_weapon": false,
            "melee_weapon": true,
            "onehanded": false,
            "twohanded": true,
            "min_dmg": 1,
            "max_dmg": 10,
            "effective_range": 5,
            "max_range": 5,
            "weight" : 18,
            "dmg_type": "колющий",
            "default_price": 500,
            "item_type": "weapon",
            "description": "Пика — колющее холодное оружие, разновидность длинного копья, состоящее из древка и трёхгранного или четырёхгранного металлического наконечника.",
            "book_id": 1
        }
    },
    {
        "pk": 28,
        "model": "api.WeaponItemEquip",
        "fields": {
            "name": "Пистоль",
            "ranged_weapon": true,
            "melee_weapon": false,
            "onehanded": true,
            "twohanded": false,
            "min_dmg": 1,
            "max_dmg": 10,
            "effective_range": 30,
            "max_range": 90,
            "weight" : 3,
            "dmg_type": "колющий",
            "default_price": 25000,
            "item_type": "weapon",
            "description": "Владение. Мастер сам решает, владеет ли персонаж обращением с огнестрельным оружием. У персонажей в большинстве миров таких навыков нет. Во время простоя персонажи могут использовать правила обучения из Книги игрока, чтобы получить владение этим навыком, при условии, что у них есть достаточное количество боеприпасов, чтобы оружие можно было использовать во время обучения.,Порох. Порох преимущественно используется для приведения в движение пули в стволе пистолета или винтовки, а также для изготовления бомб. Порох продаётся в маленьких деревянных бочонках или водонепроницаемых рожках.,Поджигание контейнера с порохом может вызвать взрыв, причиняющий урон огнём всем существам в пределах 10 футов от него (3к6 от рожка, 7к6 от бочонка). Успешный спасбросок Ловкости со Сл 12 уменьшает урон вдвое. Подожжённая унция пороха просто горит 1 раунд, распространяя яркий свет в радиусе 30 футов и тусклый свет в пределах ещё 30 футов.",
            "book_id": 1
        }
    },
    {
        "pk": 27,
        "model": "api.WeaponItemEquip",
        "fields": {
            "name": "Посох",
            "ranged_weapon": false,
            "melee_weapon": true,
            "onehanded": false,
            "twohanded": true,
            "min_dmg": 0,
            "max_dmg": 0,
            "effective_range": 5,
            "max_range": 5,
            "weight" : 4,
            "dmg_type": "колющий",
            "default_price": 500,
            "item_type": "weapon",
            "description": "Особый посох — созданный для проведения тайных заклинаний. Волшебники, колдуны и чародеи могут использовать эти предметы в качестве фокусировки для заклинаний",
            "book_id": 1
        }
    },
    {
        "pk": 28,
        "model": "api.WeaponItemEquip",
        "fields": {
            "name": "Праща",
            "ranged_weapon": true,
            "melee_weapon": false,
            "onehanded": false,
            "twohanded": true,
            "min_dmg": 1,
            "max_dmg": 4,
            "effective_range": 30,
            "max_range": 120,
            "weight" : 1,
            "dmg_type": "колющий",
            "default_price": 500,
            "item_type": "weapon",
            "description": "Простое метательное оружие, сделанное из мешочка и шнура, праща используются для того, чтобы метать маленький круглый снаряд с большой силой примерно на тридцать футов. Обычно используются снаряды из твердого металла, называемые «пулями», но большим преимуществом пращи является то, что ей также можно запускать любые мелкие объекты, такие как камни или даже монеты!",
            "book_id": 1
        }
    },
    {
        "pk": 29,
        "model": "api.WeaponItemEquip",
        "fields": {
            "name": "Рапира",
            "ranged_weapon": false,
            "melee_weapon": true,
            "onehanded": true,
            "twohanded": false,
            "min_dmg": 1,
            "max_dmg": 8,
            "effective_range": 5,
            "max_range": 5,
            "weight" : 2,
            "dmg_type": "колющий",
            "default_price": 2500,
            "item_type": "weapon",
            "description": "Рапи́ра (буквально «меч для одежды», то есть носимый с гражданским платьем, а не с доспехом) — преимущественно колющее клинковое оружие, разновидность шпаги, в изначальном значении длинная «гражданская» шпага, в отличие от «боевой» шпаги слишком лёгкая для нанесения рубящего удара.",
            "book_id": 1
        }
    },
    {
        "pk": 30,
        "model": "api.WeaponItemEquip",
        "fields": {
            "name": "Ручной (метательный) топор",
            "ranged_weapon": true,
            "melee_weapon": false,
            "onehanded": true,
            "twohanded": false,
            "min_dmg": 1,
            "max_dmg": 6,
            "effective_range": 20,
            "max_range": 60,
            "weight" : 2,
            "dmg_type": "рубящий",
            "default_price": 500,
            "item_type": "weapon",
            "description": "Изначально топоры предназначались для рубки деревьев и раскалывания поленьев, но потом стали популярным оружием среди лесных жителей. Топоры очень разнообразны по размеру и стилю. У некоторых есть одно лезвие, а у других — два.,Ручные топоры можно использовать и как рукопашное и как метательное оружие, а некоторые искатели приключений учатся драться двумя ручными топорами одновременно! Всё же большинство топоров — инструменты, но некоторые из самых стильных топоров специально сделаны как оружие.",
            "book_id": 1
        }
    },
    {
        "pk": 31,
        "model": "api.WeaponItemEquip",
        "fields": {
            "name": "Серп",
            "ranged_weapon": false,
            "melee_weapon": true,
            "onehanded": true,
            "twohanded": false,
            "min_dmg": 1,
            "max_dmg": 4,
            "effective_range": 5,
            "max_range": 5,
            "weight" : 2,
            "dmg_type": "рубящий",
            "default_price": 100,
            "item_type": "weapon",
            "description": "Маленькая одноручная версия косы. Изогнутое лезвие делает его отличным выбором для мастеров боевых искусств, которые бьют под неожиданными углами.",
            "book_id": 1
        }
    },
    {
        "pk": 32,
        "model": "api.WeaponItemEquip",
        "fields": {
            "name": "Сеть",
            "ranged_weapon": true,
            "melee_weapon": false,
            "onehanded": false,
            "twohanded": true,
            "min_dmg": 0,
            "max_dmg": 0,
            "effective_range": 5,
            "max_range": 15,
            "weight" : 3,
            "dmg_type": "рубящий",
            "default_price": 100,
            "item_type": "weapon",
            "description": "Тяжёлые рыболовные сети могут быть брошены в противников, запутывая их и делая их уязвимыми для последующих атак.,Особое: Существа Большого и меньшего размеров, по которым попала атака сетью, становятся опутанным, пока не высвободятся. Сеть не оказывает эффекта на бесформенных существ и тех, чей размер Огромный или ещё больше.,Существо может Действием совершить проверку Силы СЛ 10, чтобы высвободиться самому или освободить другое существо, находящееся в пределах его досягаемости. Причинение сети 5 единиц рубящего урона (КД 10) тоже освобождает существо, не причиняя ему вреда, оканчивая эффект и уничтожая сеть.,Если Вы действием, бонусным действием или реакцией совершаете атаку сетью, Вы можете совершить только одну атаку, вне зависимости от количества положенных атак.",
            "book_id": 1
        }
    },
    {
        "pk": 33,
        "model": "api.WeaponItemEquip",
        "fields": {
            "name": "Трезубец",
            "ranged_weapon": false,
            "melee_weapon": true,
            "onehanded": true,
            "twohanded": true,
            "min_dmg": 1,
            "max_dmg": 6,
            "effective_range": 5,
            "max_range": 5,
            "weight" : 4,
            "dmg_type": "колющий",
            "default_price": 500,
            "item_type": "weapon",
            "description": "Трезу́бец или острога — оружие, которое состоит из длинного древка и наконечника, увенчанного тремя зубцами. Как и многие другие колюще виды оружия, трезубец произошёл от повседневного мирного инструмента, в данном случае остроги, применяемой для рыбной ловли. При переформировании трезубца из инструмента охоты в оружие исчезли крючки на концах зубцов, которыми удерживалась рыба. В ближнем бою этот эффект был не востребован.",
            "book_id": 1
        }
    },
    {
        "pk": 33,
        "model": "api.WeaponItemEquip",
        "fields": {
            "name": "Цеп",
            "ranged_weapon": false,
            "melee_weapon": true,
            "onehanded": true,
            "twohanded": false,
            "min_dmg": 1,
            "max_dmg": 6,
            "effective_range": 5,
            "max_range": 5,
            "weight" : 2,
            "dmg_type": "дробящий",
            "default_price": 1000,
            "item_type": "weapon",
            "description": "Боевой цеп — контактное холодное оружие дробящего действия, состоящее из двух (реже — трёх) гибко сочленённых твёрдых палок.",
            "book_id": 1
        }
    },
    {
        "pk": 1,
        "model": "api.ArmorItemEquip",
        "fields": {
            "name": "Кираса (Нагрудник)",
            "base_armor": 14,
            "dex_modif": 2,
            "dex_modif_full": false,
            "sneak_penalty": false,
            "light_armor": false,
            "medium_armor": true,
            "heavy_armor": false,
            "shield": false,
            "default_price": 40000,
            "item_type": "armor",
            "weight": 20,
            "description": "Этот доспех состоит из подогнанного металлического панциря, носимого с подкладкой из кожи. Несмотря на то, что руки и ноги остаются практически без защиты, этот доспех хорошо защищает жизненно важные органы, оставляя владельцу относительную подвижность.,Будьте осторожны, хотя ваша грудь может быть в безопасности, но ваши руки и ноги по прежнему открыты.",
            "book_id": 1
        }
    },
    {
        "pk": 2,
        "model": "api.ArmorItemEquip",
        "fields": {
            "name": "Кожаный доспех",
            "base_armor": 11,
            "dex_modif": 0,
            "dex_modif_full": true,
            "sneak_penalty": false,
            "light_armor": true,
            "medium_armor": false,
            "heavy_armor": false,
            "shield": false,
            "default_price": 1000,
            "weight": 10,
            "item_type": "armor",
            "description": "Нагрудник и плечи этого доспеха изготовлены из кожи, вываренной в масле. Остальные части доспеха сделаны из более мягких и гибких материалов.",
            "book_id": 1
        }
    },
    {
        "pk": 3,
        "model": "api.ArmorItemEquip",
        "fields": {
            "name": "Кольчатый (колечный) доспех",
            "base_armor": 14,
            "dex_modif": 0,
            "dex_modif_full": false,
            "sneak_penalty": true,
            "light_armor": false,
            "medium_armor": false,
            "heavy_armor": true,
            "shield": false,
            "default_price": 3000,
            "weight": 40,
            "item_type": "armor",
            "description": "Это кожаный доспех с нашитыми на него толстыми кольцами. Эти кольца усиливают доспех от ударов мечей и топоров. Колечный доспех хуже кольчуги, и обычно его носят только те, кто не могут позволить себе доспех получше.,Это кожаная броня с тяжелыми кольцами, сшитыми по всей поверхности. Металл делает его тяжелым для ношения, но он не так защищен, как кольчуга, потому что его кольца более разрежены. С другой стороны, он дешевле кольчуги, что делает его разумным выбором для начинающих искателей приключений.",
            "book_id": 1
        }
    },
    {
        "pk": 4,
        "model": "api.ArmorItemEquip",
        "fields": {
            "name": "Кольчуга",
            "base_armor": 16,
            "dex_modif": 0,
            "dex_modif_full": false,
            "sneak_penalty": true,
            "light_armor": false,
            "medium_armor": false,
            "heavy_armor": true,
            "shield": false,
            "default_price": 7500,
            "weight": 55,
            "item_type": "armor",
            "description": "Изготовленная из переплетающихся металлических колец кольчуга включает также слой стёганой ткани, надеваемой под низ, дабы предотвратить натирание и смягчать удары. В комплект входят рукавицы.,Переплетенные металлические кольца поверх слоя стёганой ткани в этой броне обеспечивают надежную защиту от оружия с острыми лезвиями, такого как мечи и стрелы. Будьте осторожны, однако, Вы всё ещё можете получать синяки и переломы через кольчугу, да и её кольца могут шуметь при движении!",
            "book_id": 1
        }
    },
    {
        "pk": 5,
        "model": "api.ArmorItemEquip",
        "fields": {
            "name": "Кольчужная рубаха",
            "base_armor": 16,
            "dex_modif": 2,
            "dex_modif_full": false,
            "sneak_penalty": false,
            "light_armor": false,
            "medium_armor": true,
            "heavy_armor": false,
            "shield": false,
            "default_price": 5000,
            "weight": 20,
            "item_type": "armor",
            "description": "Сделанная из переплетённых металлических колец кольчужная рубаха носится между слоями одежды или кожи. Этот доспех предоставляет умеренную защиту торса и заглушает звон колец внешним покрытием.",
            "book_id": 1
        }
    },
    {
        "pk": 6,
        "model": "api.ArmorItemEquip",
        "fields": {
            "name": "Латы",
            "base_armor": 18,
            "dex_modif": 0,
            "dex_modif_full": false,
            "sneak_penalty": true,
            "light_armor": false,
            "medium_armor": false,
            "heavy_armor": true,
            "shield": false,
            "default_price": 150000,
            "weight": 65,
            "item_type": "armor",
            "description": "Классический доспех рыцарей и искателей приключений, этот огромный металлический костюм предназначен для защиты от головы до ног.,Латы состоят из сформированных металлических пластин, покрывающих всё тело. В комплект лат входят рукавицы, тяжёлые кожаные сапоги, шлем с забралом, и толстый слой ватина. Ремешки и пряжки распределяют вес по всему телу.,Латы очень шумные, так что забудьте о подкрадывании к большинству существ",
            "book_id": 1
        }
    },
    {
        "pk": 7,
        "model": "api.ArmorItemEquip",
        "fields": {
            "name": "Набороной (пластинчатый) доспех",
            "base_armor": 17,
            "dex_modif": 0,
            "dex_modif_full": false,
            "sneak_penalty": true,
            "light_armor": false,
            "medium_armor": false,
            "heavy_armor": true,
            "shield": false,
            "default_price": 20000,
            "weight": 60,
            "item_type": "armor",
            "description": "Этот доспех состоит из узких вертикальных металлических пластин, приклёпанных к кожаной подложке, носимой поверх слоя ватина. Соединения защищаются кольчужным полотном.",
            "book_id": 1
        }
    },
    {
        "pk": 8,
        "model": "api.ArmorItemEquip",
        "fields": {
            "name": "Полулаты",
            "base_armor": 15,
            "dex_modif": 2,
            "dex_modif_full": false,
            "sneak_penalty": true,
            "light_armor": false,
            "medium_armor": true,
            "heavy_armor": false,
            "shield": false,
            "default_price": 75000,
            "weight": 40,
            "item_type": "armor",
            "description": "Полулаты состоят из сформированных металлических пластин, покрывающих большую часть тела владельца. В них не входит защита для ног кроме простых поножей, закреплённых кожаными ремнями.,Этот тип доспехов очень прочен, но у него есть открытые промежутки. Это слабые места и их может найти опытный противник.",
            "book_id": 1
        }
    },
    {
        "pk": 9,
        "model": "api.ArmorItemEquip",
        "fields": {
            "name": "Проклёпанный кожаный доспех",
            "base_armor": 12,
            "dex_modif": 0,
            "dex_modif_full": true,
            "sneak_penalty": true,
            "light_armor": true,
            "medium_armor": false,
            "heavy_armor": false,
            "shield": false,
            "default_price": 4500,
            "weight": 13,
            "item_type": "armor",
            "description": "Изготовленный из крепкой, но гибкой кожи проклёпанный доспех усилен тесно расположенными шипами или заклёпками.,Будьте осторожны — этот тип брони намного дороже, чем обычная кожаная броня и намного тяжелее. Вы не захотите носить её в длинном походе, если Вы недостаточно сильны.",
            "book_id": 1
        }
    },
    {
        "pk": 11,
        "model": "api.ArmorItemEquip",
        "fields": {
            "name": "Стёганый доспех",
            "base_armor": 11,
            "dex_modif": 0,
            "dex_modif_full": true,
            "sneak_penalty": true,
            "light_armor": true,
            "medium_armor": false,
            "heavy_armor": false,
            "shield": false,
            "default_price": 500,
            "weight": 8,
            "item_type": "armor",
            "description": "Изготовленные из прошитых слоев ткани и ватина, стёганые доспехи легкие и дешёвые, но не очень прочны. Учтите: эта простая броня громоздка, и ваш персонаж прячется намного хуже, чем когда не носит её. Не лучший выбор, если Вы хотите остаться незамеченным.",
            "book_id": 1
        }
    },
    {
        "pk": 12,
        "model": "api.ArmorItemEquip",
        "fields": {
            "name": "Чешуйчатый доспех",
            "base_armor": 14,
            "dex_modif": 2,
            "dex_modif_full": false,
            "sneak_penalty": true,
            "light_armor": false,
            "medium_armor": true,
            "heavy_armor": false,
            "shield": false,
            "default_price": 5000,
            "weight": 45,
            "item_type": "armor",
            "description": "Этот доспех состоит из кожаных куртки и поножей (а также, возможно, отдельной юбки), покрытых перекрывающимися кусочками металла, похожими на рыбную чешую. В комплект входят рукавицы.,Он обеспечивает полную защиту тела для бесстрашного искателя приключений.",
            "book_id": 1
        }
    },
    {
        "pk": 13,
        "model": "api.ArmorItemEquip",
        "fields": {
            "name": "Шипованный доспех",
            "base_armor": 14,
            "dex_modif": 2,
            "dex_modif_full": false,
            "sneak_penalty": true,
            "light_armor": false,
            "medium_armor": true,
            "heavy_armor": false,
            "shield": false,
            "default_price": 7500,
            "weight": 45,
            "item_type": "armor",
            "description": "Шипованный доспех — редкий вид среднего доспеха, изготавливаемого дварфами.,Он состоит из кожаной куртки и поножей, покрытых шипами, обычно сделанными из метала.",
            "book_id": 1
        }
    },
    {
        "pk": 14,
        "model": "api.ArmorItemEquip",
        "fields": {
            "name": "Шкурный доспех",
            "base_armor": 14,
            "dex_modif": 2,
            "dex_modif_full": false,
            "sneak_penalty": true,
            "light_armor": false,
            "medium_armor": true,
            "heavy_armor": false,
            "shield": false,
            "default_price": 1000,
            "weight": 12,
            "item_type": "armor",
            "description": "Этот грубый доспех состоит из толстых мехов и шкур. Обычно их носят племена варваров, злые гуманоиды и прочие народы, у которых нет инструментов и материалов для создания более качественных доспехов.",
            "book_id": 1
        }
    },
    {
        "pk": 15,
        "model": "api.ArmorItemEquip",
        "fields": {
            "name": "Щит",
            "base_armor": 2,
            "dex_modif": 0,
            "dex_modif_full": false,
            "sneak_penalty": false,
            "light_armor": false,
            "medium_armor": false,
            "heavy_armor": false,
            "shield": true,
            "default_price": 1000,
            "weight": 6,
            "item_type": "armor",
            "description": "Щит изготавливается из дерева или металла, и несётся одной рукой. Использование щита увеличивает КД на 2. Вы получаете преимущество только от одного щита одновременно.",
            "book_id": 1
        }
    },
    {
        "pk": 1,
        "model": "api.InstrumentItemEquip",
        "fields": {
            "name": "Воровские инструменты",
            "default_price": 2500,
            "weight": 1,
            "item_type": "instrument",
            "description": "Набор инструментов взломщика включает в себя:,небольшой напильник, набор отмычек, небольшое зеркальце [steel mirror] на длинной ручке, ножницы, пара щипчиков.,Владение этими инструментами позволяет добавлять бонус мастерства ко всем проверкам характеристик, сделанным для отключения ловушек и взлома замков.",
            "book_id": 1
        }
    },
    {
        "pk": 2,
        "model": "api.InstrumentItemEquip",
        "fields": {
            "name": "Инструменты навигатора",
            "default_price": 2500,
            "weight": 2,
            "item_type": "instrument",
            "description": "Владение инструментами навигатора помогает вам определить истинный курс, основываясь на наблюдении за звёздами. Они также позволяют вам разбираться в чтении схем и карт, благодаря выработанному у вас чувство направления.,Компоненты. Инструменты навигатора включают в себя:,секстант, компас, кронциркуль, линейку, пергамент, чернила, писчее перо.,Выживание. Умение обращаться с инструментами навигатора помогает вам не заблудиться и даёт знания о наиболее вероятном расположении дорог и населённых пунктов.,Определение положения. Проведя тщательные измерения, вы можете определить своё положение на морской навигационной карте и время суток.",
            "book_id": 1
        }
    },
    {
        "pk": 3,
        "model": "api.InstrumentItemEquip",
        "fields": {
            "name": "Инструменты отравителя",
            "default_price": 5000,
            "weight": 2,
            "item_type": "instrument",
            "description": "Инструменты отравителя — это излюбленное средство воров, убийц и прочих сомнительных личностей. Они позволяют вам использовать яды и создавать их из различных веществ. Ваши познания в ядах также помогают вам излечивать от них.,Компоненты. Инструменты отравителя включают в себя стеклянные склянки, ступку и пестик, химические реагенты и стеклянную палочку для размешивания.,История. Ваша подготовка в использовании ядов может помочь вам при попытках вспомнить факты о печально известных отравлениях. ,Расследование, Восприятие. Ваши познания в ядах научили вас быть осторожным, имея дело с этими веществами, тем самым помогая вам при обследовании отравленного предмета или при получении зацепок о событиях, связанных с ядами.,Медицина. Когда вы лечите жертву яда, ваша осведомлённость может дать вам дополнительные знания о том, как правильнее ухаживать за отравленным.,Природа, Выживание. Работа с ядами позволила вам получить знания о том, какие растения и животные ядовиты.,Обращение с ядами. Ваше владение позволяет вам аккуратно обращаться с ядами и использовать их без риска самому подвергнуться их действию.",
            "book_id": 1
        }
    },
    {
        "pk": 4,
        "model": "api.InstrumentItemEquip",
        "fields": {
            "name": "Виола",
            "default_price": 3000,
            "weight": 1,
            "item_type": "instrument",
            "description": "Если вы владеете определённым музыкальным инструментом, вы можете добавлять бонус мастерства к проверкам характеристик, совершённым во время игры на нём.,Бард может использовать музыкальный инструмент в качестве фокусировки для заклинаний. Для каждого музыкального инструмента нужно отдельное владение.",
            "book_id": 1
        }
    },
    {
        "pk": 5,
        "model": "api.InstrumentItemEquip",
        "fields": {
            "name": "Волынка",
            "default_price": 3000,
            "weight": 1,
            "item_type": "instrument",
            "description": "Если вы владеете определённым музыкальным инструментом, вы можете добавлять бонус мастерства к проверкам характеристик, совершённым во время игры на нём.,Бард может использовать музыкальный инструмент в качестве фокусировки для заклинаний. Для каждого музыкального инструмента нужно отдельное владение.",
            "book_id": 1
        }
    },
    {
        "pk": 6,
        "model": "api.InstrumentItemEquip",
        "fields": {
            "name": "Лира",
            "default_price": 3000,
            "weight": 2,
            "item_type": "instrument",
            "description": "Если вы владеете определённым музыкальным инструментом, вы можете добавлять бонус мастерства к проверкам характеристик, совершённым во время игры на нём.,Бард может использовать музыкальный инструмент в качестве фокусировки для заклинаний. Для каждого музыкального инструмента нужно отдельное владение.",
            "book_id": 1
        }
    },
    {
        "pk": 7,
        "model": "api.InstrumentItemEquip",
        "fields": {
            "name": "Лютня",
            "default_price": 3500,
            "weight": 2,
            "item_type": "instrument",
            "description": "Если вы владеете определённым музыкальным инструментом, вы можете добавлять бонус мастерства к проверкам характеристик, совершённым во время игры на нём.,Бард может использовать музыкальный инструмент в качестве фокусировки для заклинаний. Для каждого музыкального инструмента нужно отдельное владение.",
            "book_id": 1
        }
    },
    {
        "pk": 9,
        "model": "api.InstrumentItemEquip",
        "fields": {
            "name": "Свирель",
            "default_price": 1200,
            "weight": 2,
            "item_type": "instrument",
            "description": "Если вы владеете определённым музыкальным инструментом, вы можете добавлять бонус мастерства к проверкам характеристик, совершённым во время игры на нём.,Бард может использовать музыкальный инструмент в качестве фокусировки для заклинаний. Для каждого музыкального инструмента нужно отдельное владение.",
            "book_id": 1
        }
    },
    {
        "pk": 10,
        "model": "api.InstrumentItemEquip",
        "fields": {
            "name": "Флейта",
            "default_price": 200,
            "weight": 1,
            "item_type": "instrument",
            "description": "Если вы владеете определённым музыкальным инструментом, вы можете добавлять бонус мастерства к проверкам характеристик, совершённым во время игры на нём.,Бард может использовать музыкальный инструмент в качестве фокусировки для заклинаний. Для каждого музыкального инструмента нужно отдельное владение.",
            "book_id": 1
        }
    },
    {
        "pk": 11,
        "model": "api.InstrumentItemEquip",
        "fields": {
            "name": "Цимбалы",
            "default_price": 2500,
            "weight": 1,
            "item_type": "instrument",
            "description": "Если вы владеете определённым музыкальным инструментом, вы можете добавлять бонус мастерства к проверкам характеристик, совершённым во время игры на нём.,Бард может использовать музыкальный инструмент в качестве фокусировки для заклинаний. Для каждого музыкального инструмента нужно отдельное владение.",
            "book_id": 1
        }
    },
    {
        "pk": 12,
        "model": "api.InstrumentItemEquip",
        "fields": {
            "name": "Шалмей",
            "default_price": 200,
            "weight": 1,
            "item_type": "instrument",
            "description": "Если вы владеете определённым музыкальным инструментом, вы можете добавлять бонус мастерства к проверкам характеристик, совершённым во время игры на нём.,Бард может использовать музыкальный инструмент в качестве фокусировки для заклинаний. Для каждого музыкального инструмента нужно отдельное владение.",
            "book_id": 1
        }
    },
    {
        "pk": 13,
        "model": "api.InstrumentItemEquip",
        "fields": {
            "name": "Набор для Лазания",
            "default_price": 2500,
            "weight": 12,
            "item_type": "instrument",
            "description": "В набор для лазания входят шлямбуры, накладные подошвы, перчатки и страховочная привязь. Вы можете действием использовать набор для лазания, чтобы закрепиться на высоте; если вы делаете это, вы не можете упасть более чем на 25 футов от того места, где закрепились, но и не можете подняться выше 25 футов от этого места, не открепившись.",
            "book_id": 1
        }
    },
    {
        "pk": 14,
        "model": "api.InstrumentItemEquip",
        "fields": {
            "name": "Комплект для лазания",
            "default_price": 2500,
            "weight": 12,
            "item_type": "instrument",
            "description": "В набор для лазания входят шлямбуры, накладные подошвы, перчатки и страховочная привязь. Вы можете действием использовать набор для лазания, чтобы закрепиться на высоте; если вы делаете это, вы не можете упасть более чем на 25 футов от того места, где закрепились, но и не можете подняться выше 25 футов от этого места, не открепившись.",
            "book_id": 1
        }
    },
    {
        "pk": 14,
        "model": "api.InstrumentItemEquip",
        "fields": {
            "name": "Комплект для рыбалки",
            "default_price": 100,
            "weight": 12,
            "item_type": "instrument",
            "description": "В этот набор входит удилище, шёлковая леска, пробковый поплавок, стальные крючки, свинцовые грузила, приманки из ниток и мелкоячеистая сеть.",
            "book_id": 1
        }
    },
    {
        "pk": 15,
        "model": "api.InstrumentItemEquip",
        "fields": {
            "name": "Комплект целителя (Набор лекаря)",
            "default_price": 500,
            "weight": 4,
            "item_type": "instrument",
            "description": "Это кожаный кошель с бинтами, мазями и шинами. Набор годится для десяти использований. Вы можете действием потратить одно использование набора для стабилизации существа, у которого 0 хитов, не совершая проверку Мудрости (Медицина).",
            "book_id": 1
        }
    },
    {
        "pk": 16,
        "model": "api.InstrumentItemEquip",
        "fields": {
            "name": "Набор артиста",
            "default_price": 4000,
            "weight": 25,
            "item_type": "instrument",
            "description": "рюкзак [backpack], спальник [bedroll], 2 костюма [costume clothes], 5 свечек [candle], рационы [rations] на 5 дней, бурдюк [waterskin] и набор для грима [disguise kit].",
            "book_id": 1
        }
    },
    {
        "pk": 17,
        "model": "api.InstrumentItemEquip",
        "fields": {
            "name": "Набор взломщика",
            "default_price": 1600,
            "weight": 35,
            "item_type": "instrument",
            "description": "рюкзак [backpack], сумку с 1 000 металлических шариков [metal balls], 10 футов лески, колокольчик [bell], 5 свечек [candle], ломик [crowbar], молоток [hammer], 10 шлямбуров [piton], закрытый фонарь [hooded lantern], 2 фляги масла [oil flask], рационы [rations] на 5 дней, трутницу [tinderbox] и бурдюк [waterskin].,В набор также входит 50-футовая пеньковая верёвка [hempen rope], закреплённая сбоку.",
            "book_id": 1
        }
    },
    {
        "pk": 18,
        "model": "api.InstrumentItemEquip",
        "fields": {
            "name": "Набор дипломата",
            "default_price": 3900,
            "weight": 35,
            "item_type": "instrument",
            "description": "сундук [chest], 2 контейнера для карт и свитков [case map or scroll], комплект отличной одежды [fine clothes], бутылочку чернил [ink], писчее перо [ink pen], лампу [lamp], фляги масла [oil], 5 листов бумаги [paper], флакон духов [perfume], воск [sealing wax] и мыло [soap].",
            "book_id": 1
        }
    },
    {
        "pk": 19,
        "model": "api.InstrumentItemEquip",
        "fields": {
            "name": "Набор для грима",
            "default_price": 2500,
            "weight": 3,
            "item_type": "instrument",
            "description": "Отличный выбор для любого, кто хочет заниматься обманом, набор для грима позволяет своему владельцу принимать фальшивую личину.,Компоненты. Набор для грима включает в себя различную косметику, краску для волос, немного реквизита и несколько нарядов.,Обман. В некоторых случаях грим может помочь вам плести более убедительную ложь.,Запугивание. Правильный образ может сделать вас более устрашающим, когда вы хотите кого-то отпугнуть, притворившись заражённым чумой, либо, когда запугиваете шайку бандитов под видом громилы-головореза.,Выступление. Искусство перевоплощения может увеличить удовлетворённость публики выступлением, при условии, что обличье должным образом разработано, чтобы вызывать нужную реакцию.,Убеждение. Народ склонен доверять людям в униформе. Если вы замаскировались под авторитетную фигуру, ваши попытки убедить других обычно более эффективны.,Создание обличья. Как часть продолжительного отдыха вы можете создать обличье для маскировки. На надевание обличья после его создания требуется 1 минута. Вы можете одновременно иметь при себе только одно такое обличье, не привлекая ненужного внимания, если только у вас нет сумки хранения [bag of holding] или другого подобного способа оставить их незамеченными. Каждое такое обличье весит 1 фунт. В других случаях требуется 10 минут на создание обличья, которое немного изменяет вашу внешность и 30 минут, если требуются более обширные изменения.",
            "book_id": 1
        }
    },
    {
        "pk": 20,
        "model": "api.InstrumentItemEquip",
        "fields": {
            "name": "Набор для фальсификации",
            "default_price": 1500,
            "weight": 5,
            "item_type": "instrument",
            "description": "Набор для фальсификации предназначен для копирования документов и упрощения копирования личной печати или подписи.,Компоненты. Набор для фальсификации включает в себя чернила различных видов, пергамент и бумагу различных видов, несколько писчих перьев, печати и сургуч, золотой и серебряный листы и небольшие инструменты для лепки из расплавленного воска имитации печати.,Магия. Набор для фальсификации может быть использован вместе с навыком Магия, чтобы определить, является магический предмет настоящим или поддельным.,Обман. Качественно выполненная подделка, такая как документ, подтверждающий вашу знатность или предписание, гарантирующее вам безопасный проезд, может придать достоверности вашей лжи.,История. Набор для фальсификации вместе с вашими познаниями в истории улучшает вашу способность подделывать исторические документы или определять их подлинность.,Расследование. Когда вы осматриваете предмет, владение набором для фальсификации помогает определить, как предмет был сделан и подлинный ли он.,Другие инструменты. Умение использовать другие инструменты делает ваши подделки более правдоподобными. Например, вы можете объединить владение набором для фальсификации и владение инструментами картографа [cartographer tools], чтобы сделать поддельную карту.,Быстрая подделка. Как часть короткого отдыха вы можете создать поддельный документ длиной не более одной страницы. Как часть продолжительного отдыха вы можете создать документ длинной до четырёх страниц. Ваша проверка Интеллекта в использовании набора для фальсификации определяет Сл проверки Интеллекта (Расследование) на определение того, что это подделка.",
            "book_id": 1
        }
    },
    {
        "pk": 21,
        "model": "api.InstrumentItemEquip",
        "fields": {
            "name": "Набор исследователя подземелий",
            "default_price": 1200,
            "weight": 35,
            "item_type": "instrument",
            "description": "Набор исследователя подземелий включает в себя:,рюкзак [backpack], ломик [crowbar], молоток [hammer], 10 шлямбуров [piton], 10 факелов [torch], трутницу [tinderbox], рационы [rations] на 10 дней и бурдюк [waterskin].,В набор также входит 50-футовая пеньковая верёвка [hempen rope], закреплённая сбоку.",
            "book_id": 1
        }
    },
    {
        "pk": 22,
        "model": "api.InstrumentItemEquip",
        "fields": {
            "name": "Набор путешевственника",
            "default_price": 1000,
            "weight": 59,
            "item_type": "instrument",
            "description": "Набор путешественника включает в себя:,рюкзак [backpack], спальник [bedroll], столовый набор [mess kit], трутницу [tinderbox], 10 факелов [torch], рационы [rations] на 10 дней и бурдюк [waterskin].,В набор также входит 50-футовая пеньковая верёвка [hempen rope], закреплённая сбоку.",
            "book_id": 1
        }
    },
    {
        "pk": 23,
        "model": "api.InstrumentItemEquip",
        "fields": {
            "name": "Набор священника",
            "default_price": 1900,
            "weight": 15,
            "item_type": "instrument",
            "description": "Набор священника включает в себя: ,рюкзак [backpack], одеяло [blanket], 10 свечек [candle], трутницу [tinderbox], коробку для пожертвований, 2 упаковки благовоний, кадило, облачение, рационы [rations] на 2 дня и бурдюк [waterskin].",
            "book_id": 1
        }
    },
    {
        "pk": 24,
        "model": "api.InstrumentItemEquip",
        "fields": {
            "name": "Набор травника",
            "default_price": 500,
            "weight": 3,
            "item_type": "instrument",
            "description": "Владение набором травника позволяет вам распознавать растения и надёжно сохранять их полезные части.,Компоненты. Набор травника включает в себя мешочки для хранения трав, секатор и кожаные перчатки для сбора растений, несколько стеклянных банок, ступку и пестик.,Магия. Ваши осведомлённость в природе и использовании растений может дать дополнительные знания к магическим исследованиям, когда дело касается растений и попыток опознать зелье.,Расследование. Когда вы обследуете заросшую растениями зону, владение этим набором помогает вам находить детали и зацепки, которые другие бы проглядели.,Медицина. Ваше мастерство травника улучшает ваши способности лечить болезни и раны, расширяя доступные методы благодаря использованию лекарственных растений.,Природа и Выживание. Когда вы путешествуете в дикой местности, ваши навыки травничества облегчают опознание растений и поиск источников еды, которые другие могут не заметить.,Опознание растений. Вы можете быстро распознать большинство растений по запаху и внешнему виду.",
            "book_id": 1
        }
    },
    {
        "pk": 25,
        "model": "api.InstrumentItemEquip",
        "fields": {
            "name": "Набор ученого",
            "default_price": 4000,
            "weight": 15,
            "item_type": "instrument",
            "description": "Набор учёного включает в себя: ,рюкзак [backpack], научную книгу [book], бутылочку чернил [ink], писчее перо [ink pen], 10 листов пергамента [parchment], небольшую сумочку с песком, небольшой нож.",
            "book_id": 1
        }
    },
    {
        "pk": 1,
        "model": "api.ItemEqipTemplate",
        "fields": {
            "template_name": "bard_start_items",
            "char_class": 1
        }
    },
    {
        "pk": 2,
        "model": "api.ItemEqipTemplate",
        "fields": {
            "template_name": "warrior_start_items",
            "char_class": 2
        }
    },
    {
        "pk": 3,
        "model": "api.ItemEqipTemplate",
        "fields": {
            "template_name": "barbarian_start_items",
            "char_class": 3
        }
    },
    {
        "pk": 4,
        "model": "api.ItemEqipTemplate",
        "fields": {
            "template_name": "wizzard_start_items",
            "char_class": 4
        }
    },
    {
        "pk": 5,
        "model": "api.ItemEqipTemplate",
        "fields": {
            "template_name": "druid_start_items",
            "char_class": 5
        }
    },
    {
        "pk": 6,
        "model": "api.ItemEqipTemplate",
        "fields": {
            "template_name": "cleric_start_items",
            "char_class": 6
        }
    },
    {
        "pk": 7,
        "model": "api.ItemEqipTemplate",
        "fields": {
            "template_name": "warlock_start_items",
            "char_class": 7
        }
    },
    {
        "pk": 8,
        "model": "api.ItemEqipTemplate",
        "fields": {
            "template_name": "monk_start_items",
            "char_class": 8
        }
    },
    {
        "pk": 9,
        "model": "api.ItemEqipTemplate",
        "fields": {
            "template_name": "paladin_start_items",
            "char_class": 9
        }
    },
    {
        "pk": 10,
        "model": "api.ItemEqipTemplate",
        "fields": {
            "template_name": "rouge_start_items",
            "char_class": 10
        }
    },
    {
        "pk": 11,
        "model": "api.ItemEqipTemplate",
        "fields": {
            "template_name": "ranger_start_items",
            "char_class": 11
        }
    },
    {
        "pk": 12,
        "model": "api.ItemEqipTemplate",
        "fields": {
            "template_name": "sorcerer_start_items",
            "char_class": 12
        }
    },

    {
        "pk": 1,
        "model": "api.CharClassStartEqipWeapon",
        "fields": {
            "quantity": 1,
            "start_weapon_id": 29,
            "template_id": 1
        }
    },
    {
        "pk": 2,
        "model": "api.CharClassStartEqipWeapon",
        "fields": {
            "quantity": 1,
            "start_weapon_id": 18,
            "template_id": 1
        }
    },
    {
        "pk": 3,
        "model": "api.CharClassStartEqipWeapon",
        "fields": {
            "quantity": 1,
            "start_weapon_id": 8,
            "template_id": 2
        }
    },
    {
        "pk": 4,
        "model": "api.CharClassStartEqipWeapon",
        "fields": {
            "quantity": 1,
            "start_weapon_id": 24,
            "template_id": 2
        }
    },
    {
        "pk": 5,
        "model": "api.CharClassStartEqipWeapon",
        "fields": {
            "quantity": 1,
            "start_weapon_id": 30,
            "template_id": 3
        }
    },
    {
        "pk": 6,
        "model": "api.CharClassStartEqipWeapon",
        "fields": {
            "quantity": 1,
            "start_weapon_id": 12,
            "template_id": 3
        }
    },
    {
        "pk": 7,
        "model": "api.CharClassStartEqipWeapon",
        "fields": {
            "quantity": 1,
            "start_weapon_id": 7,
            "template_id": 4
        }
    },
    {
        "pk": 8,
        "model": "api.CharClassStartEqipWeapon",
        "fields": {
            "quantity": 1,
            "start_weapon_id": 16,
            "template_id": 5
        }
    },
    {
        "pk": 9,
        "model": "api.CharClassStartEqipWeapon",
        "fields": {
            "quantity": 1,
            "start_weapon_id": 9,
            "template_id": 6
        }
    },
    {
        "pk": 9,
        "model": "api.CharClassStartEqipWeapon",
        "fields": {
            "quantity": 1,
            "start_weapon_id": 2,
            "template_id": 6
        }
    },
    {
        "pk": 10,
        "model": "api.CharClassStartEqipWeapon",
        "fields": {
            "quantity": 1,
            "start_weapon_id": 2,
            "template_id": 7
        }
    },
    {
        "pk": 11,
        "model": "api.CharClassStartEqipWeapon",
        "fields": {
            "quantity": 1,
            "start_weapon_id": 20,
            "template_id": 8
        }
    },
    {
        "pk": 12,
        "model": "api.CharClassStartEqipWeapon",
        "fields": {
            "quantity": 1,
            "start_weapon_id": 13,
            "template_id": 8
        }
    },
    {
        "pk": 13,
        "model": "api.CharClassStartEqipWeapon",
        "fields": {
            "quantity": 1,
            "start_weapon_id": 21,
            "template_id": 10
        }
    },
    {
        "pk": 14,
        "model": "api.CharClassStartEqipWeapon",
        "fields": {
            "quantity": 1,
            "start_weapon_id": 20,
            "template_id": 10
        }
    },
    {
        "pk": 15,
        "model": "api.CharClassStartEqipWeapon",
        "fields": {
            "quantity": 2,
            "start_weapon_id": 20,
            "template_id": 11
        }
    },
    {
        "pk": 16,
        "model": "api.CharClassStartEqipWeapon",
        "fields": {
            "quantity": 2,
            "start_weapon_id": 18,
            "template_id": 12
        }
    },
    {
        "pk": 17,
        "model": "api.CharClassStartEqipWeapon",
        "fields": {
            "quantity": 1,
            "start_weapon_id": 2,
            "template_id": 12
        }
    },
    {
        "pk": 1,
        "model": "api.CharClassStartEqipInsrument",
        "fields": {
            "quantity": 1,
            "start_instruments": 18,
            "template_id": 1
        }
    },
    {
        "pk": 2,
        "model": "api.CharClassStartEqipInsrument",
        "fields": {
            "quantity": 1,
            "start_instruments": 7,
            "template_id": 1
        }
    },
    {
        "pk": 3,
        "model": "api.CharClassStartEqipInsrument",
        "fields": {
            "quantity": 1,
            "start_instruments": 21,
            "template_id": 2
        }
    },
    {
        "pk": 4,
        "model": "api.CharClassStartEqipInsrument",
        "fields": {
            "quantity": 1,
            "start_instruments": 24,
            "template_id": 3
        }
    },
    {
        "pk": 4,
        "model": "api.CharClassStartEqipInsrument",
        "fields": {
            "quantity": 1,
            "start_instruments": 25,
            "template_id": 4
        }
    },
    {
        "pk": 5,
        "model": "api.CharClassStartEqipInsrument",
        "fields": {
            "quantity": 1,
            "start_instruments": 22,
            "template_id": 5
        }
    },
    {
        "pk": 6,
        "model": "api.CharClassStartEqipInsrument",
        "fields": {
            "quantity": 1,
            "start_instruments": 23,
            "template_id": 6
        }
    },
    {
        "pk": 7,
        "model": "api.CharClassStartEqipInsrument",
        "fields": {
            "quantity": 1,
            "start_instruments": 25,
            "template_id": 7
        }
    },
    {
        "pk": 8,
        "model": "api.CharClassStartEqipInsrument",
        "fields": {
            "quantity": 1,
            "start_instruments": 21,
            "template_id": 8
        }
    },
    {
        "pk": 9,
        "model": "api.CharClassStartEqipInsrument",
        "fields": {
            "quantity": 1,
            "start_instruments": 23,
            "template_id": 9
        }
    },
    {
        "pk": 10,
        "model": "api.CharClassStartEqipInsrument",
        "fields": {
            "quantity": 5,
            "start_instruments": 21,
            "template_id": 9
        }
    },
    {
        "pk": 11,
        "model": "api.CharClassStartEqipInsrument",
        "fields": {
            "quantity": 5,
            "start_instruments": 1,
            "template_id": 10
        }
    },
    {
        "pk": 12,
        "model": "api.CharClassStartEqipInsrument",
        "fields": {
            "quantity": 5,
            "start_instruments": 21,
            "template_id": 11
        }
    },
    {
        "pk": 1,
        "model": "api.CharClassStartEqipArmor",
        "fields": {
            "quantity": 1,
            "start_armor_id": 2,
            "template_id": 1
        }
    },
    {
        "pk": 2,
        "model": "api.CharClassStartEqipArmor",
        "fields": {
            "quantity": 1,
            "start_armor_id": 4,
            "template_id": 2
        }
    },
    {
        "pk": 3,
        "model": "api.CharClassStartEqipArmor",
        "fields": {
            "quantity": 1,
            "start_armor_id": 15,
            "template_id": 2
        }
    },
    {
        "pk": 4,
        "model": "api.CharClassStartEqipArmor",
        "fields": {
            "quantity": 1,
            "start_armor_id": 2,
            "template_id": 5
        }
    },
    {
        "pk": 5,
        "model": "api.CharClassStartEqipArmor",
        "fields": {
            "quantity": 1,
            "start_armor_id": 12,
            "template_id": 6
        }
    },
    {
        "pk": 6,
        "model": "api.CharClassStartEqipArmor",
        "fields": {
            "quantity": 1,
            "start_armor_id": 2,
            "template_id": 7
        }
    },
    {
        "pk": 7,
        "model": "api.CharClassStartEqipArmor",
        "fields": {
            "quantity": 1,
            "start_armor_id": 15,
            "template_id": 9
        }
    },
    {
        "pk": 8,
        "model": "api.CharClassStartEqipArmor",
        "fields": {
            "quantity": 1,
            "start_armor_id": 4,
            "template_id": 9
        }
    },
    {
        "pk": 9,
        "model": "api.CharClassStartEqipArmor",
        "fields": {
            "quantity": 1,
            "start_armor_id": 2,
            "template_id": 10
        }
    },
    {
        "pk": 10,
        "model": "api.CharClassStartEqipArmor",
        "fields": {
            "quantity": 1,
            "start_armor_id": 12,
            "template_id": 11
        }
    }
]