[
    {
        "pk": 1,
        "model": "api.ReferenceBookBackground",
        "fields": {
            "name": "background_book",
            "book_id": 1
        }
    },
    {
        "pk": 1,
        "model": "api.BackgroundItem",
        "fields": {
            "name": "Артист",
            "non_combat_items_eqip": "Музыкальный инструмент (на ваш выбор), подарок от поклонницы (любовное письмо, локон волос или безделушка), костюм, поясной кошель с 15 зм",
            "description": "Вам нравится выступать на публике. Вы знаете, как их развлечь, очаровать и даже воодушевить. Ваша поэзия может трогать сердца слушателей, пробуждать в них горе или радость, смех или гнев. Ваша музыка ободряет их или заставляет скорбеть. Ваши танцы захватывают, а шутки всегда смешны. Чем бы вы ни занимались, ваша жизнь тесно связана с искусством.",
            "book_id": 1
        }
    },
    {
        "pk": 2,
        "model": "api.BackgroundItem",
        "fields": {
            "name": "Моряк",
            "non_combat_items_eqip": "Кофель-нагель (дубинка), 50 футов шёлковой верёвки, талисман, такой как кроличья лапка или камень с дыркой (можете совершить бросок по таблице безделушек), комплект обычной одежды, поясной кошель с 10 зм.",
            "description": "Вы много лет плавали на морском судне. Вы видели могучие шторма, глубоководных чудовищ и тех, кто хотел отправить вас на дно. Первая любовь осталась далеко за горизонтом, и настало время попробовать что-то новое.,Решите вместе с Мастером, на каком корабле вы до этого плавали. Это было торговое, пассажирское, исследовательское или пиратское судно? Насколько оно прославилось (в хорошем или дурном смысле)? Много ли вы путешествовали? Оно всё еще на плаву, потоплено или утеряно?,Кем вы были на борту — боцманом, капитаном, лоцманом, коком или кем-то другим? Кем были капитан и его первый помощник? Вы расстались с экипажем в хороших отношениях или поссорились с ними?",
            "book_id": 1
        }
    },
    {
        "pk": 3,
        "model": "api.BackgroundItem",
        "fields": {
            "name": "Пират",
            "non_combat_items_eqip": "Кофель-нагель (дубинка), 50 футов шёлковой верёвки, талисман, такой как кроличья лапка или камень с дыркой (можете совершить бросок по таблице безделушек), комплект обычной одежды, поясной кошель с 10 зм.",
            "description": "Вы провели молодость среди жутких пиратов, безжалостных головорезов, научивших вас выживать среди акул и дикарей. Вы занимались грабежом в морях, и не одну душу отправили в солёную пучину. Вы хорошо знакомы со страхом и кровью, и заслужили сомнительную репутацию во многих портовых городах.,Кем вы были на борту — боцманом, капитаном, лоцманом, коком или кем-то другим? Кем были капитан и его первый помощник? Вы расстались с экипажем в хороших отношениях или поссорились с ними?",
            "book_id": 1
        }
    },
    {
        "pk": 4,
        "model": "api.BackgroundItem",
        "fields": {
            "name": "Чужеземец",
            "non_combat_items_eqip": "капкан, трофей с убитого животного, комплект дорожной одежды, поясной кошель с 10 зм",
            "description": "Вы выросли в глуши, вдали от цивилизации и её благ. Вы видели миграцию стад, чей размер был больше леса, выживали при температуре, которую горожанам и не представить, и наслаждались таким уединением, что на многие мили вокруг вы были единственным мыслящим существом. Дикая природа в вашей крови, будь вы кочевником, исследователем, затворником, охотником-собирателем или даже мародёром. Даже в неизвестном месте вы найдёте что-то, что вам понятно.",
            "book_id": 1
        }
    },
    {
        "pk": 5,
        "model": "api.BackgroundItem",
        "fields": {
            "name": "Беспризорник",
            "non_combat_items_eqip": "Маленький нож, карта города, в котором вы выросли, ручная мышь, безделушка в память о родителях, комплект обычной одежды, поясной кошель с 10 зм",
            "description": "Вы выросли на улице в бедности и одиночестве, лишённые родителей. Никто не присматривал и не заботился о вас, и вам пришлось научиться делать это самому. Вам приходилось постоянно бороться за еду и следить за другими неприкаянными душами, способными обокрасть вас. Вы спали на чердаках и в переулках, мокли под дождём и боролись с болезнями, не получая медицинской помощи или приюта. Вы выжили, невзирая на все трудности, и сделали это благодаря своей сноровке, силе или скорости.,Вы начинаете приключение с суммой денег, достаточной, чтоб скромно, но уверенно прожить десять дней. Как вы получили эти деньги? Что позволило вам перейти к нормальной жизни, преодолев нищету?",
            "book_id": 1
        }
    },
    {
        "pk": 6,
        "model": "api.BackgroundItem",
        "fields": {
            "name": "Мудрец",
            "non_combat_items_eqip": "Бутылочка чернил, писчее перо, небольшой нож, письмо от мёртвого коллеги с вопросом, на который вы пока не можете ответить, комплект обычной одежды, поясной кошель с 10 зм",
            "description": "Вы провели много лет, постигая тайны мультивселенной. Вы читали рукописи, изучали свитки, и общались с величайшими экспертами в интересующих вас темах. Всё это сделало вас знатоком в своей области.",
            "book_id": 1
        }
    },
    {
        "pk": 7,
        "model": "api.BackgroundItem",
        "fields": {
            "name": "Преступник",
            "non_combat_items_eqip": "Ломик, комплект обычной тёмной одежды с капюшоном, поясной кошель с 15 зм",
            "description": "Вы опытный преступник с большим послужным списком. Вы провели много времени, вращаясь в преступных кругах, и до сих пор имеете связи с подпольным миром. В отличие от обычных людей вы близко познакомились с убийствами, воровством и жестокостью, что пропитывают низшие слои общества. Вы научились выживать, пренебрегая правилами и ограничениями, которым подчиняются другие.",
            "book_id": 1
        }
    },
    {
        "pk": 8,
        "model": "api.BackgroundItem",
        "fields": {
            "name": "Шарлатан",
            "non_combat_items_eqip": " Комплект отличной одежды, набор для грима, приспособление для жульничества на ваш выбор (десять запечатанных бутылей с подкрашенной жидкостью, набор шулерских костей, колода краплёных карт или кольцо с печатью какого-нибудь воображаемого герцога), поясной кошель с 15 зм",
            "description": "Вы хорошо знаете людей. Вы понимаете, что ими движет, и можете распознать их самые сокровенные желания спустя всего пару минут после начала разговора. Несколько наводящих вопросов, и вот вы уже читаете их словно книжки, написанные для детей. Это полезный талант, и вы вполне готовы использовать его себе на благо.,Вы знаете, что люди хотят, и вы даёте им это, или же обещаете дать. Чувство здравого смысла должно заставлять людей держаться подальше от тех вещей, которые слишком хорошо звучат, чтобы быть правдой. Но здравый смысл куда-то улетучивается, когда вы неподалёку. Бутылочка с розовой жидкостью всенепременно вылечит эту неблаговидную сыпь, а эта чудодейственная мазь (не более чем горсть жира, смешанного с серебряной пылью) без сомнения вернёт молодость и энергичность. Все эти чудеса, конечно, звучат неправдоподобно, но вы знаете, как преподнести их так, чтобы они казались крайне выгодным делом.",
            "book_id": 1
        }
    },
    {
        "pk": 9,
        "model": "api.BackgroundItem",
        "fields": {
            "name": "Азартный игрок",
            "non_combat_items_eqip": "",
            "description": "Всё, что вам нужно, чтобы заработать много золота, это немного золота. За исключением тех случаев, когда все, что вам нужно, чтобы совсем не иметь золота, — это немного золота. Хороший вы игрок, или плохой - не имеет значения, потому что никто не может предугадать прихоти Госпожи Удачи. Иногда ты наверху, иногда ты внизу. Но особенность азартных игр в том, что кто-то всегда готов сделать ставку.",
            "book_id": 1
        }
    },
    {
        "pk": 10,
        "model": "api.BackgroundItem",
        "fields": {
            "name": "Благородный",
            "non_combat_items_eqip": "Комплект отличной одежды, кольцо-печатка, свиток с генеалогическим древом, кошелёк с 25 зм",
            "description": "Вы знаете, что такое богатство, власть и привилегии. У вас благородный титул, а ваша семья владеет землями, собирает налоги, и обладает серьёзным политическим влиянием. Вы можете быть изнеженным аристократом, незнакомым с работой и неудобствами, бывшим торговцем, только-только получившим титул, или лишённым наследства негодяем с гипертрофированным чувством собственного права. Или же вы можете быть честным, трудолюбивым землевладельцем, искренне заботящимся о тех, кто живёт и трудится на его земле, ощущая за них ответственность.,Придумайте вместе с Мастером надлежащий титул и определите, какую власть этот титул даёт. Благородный титул не существует сам по себе — он связан со всей вашей семьёй, и каким бы титулом вы ни обладали, вы передадите его своим детям. Вам нужно не только определить титул, но также описать вместе с Мастером вашу семью и её влияние на вас.,Ваша семья старая и прославленная, или она основана недавно? Каким влиянием она обладает, и в какой области? Какая репутация у вашей семьи среди прочих местных аристократов? Как к вам относятся обыватели?,Какое место занимаете вы в своей семье? Являетесь ли вы наследником главы семейства? Перешёл ли к вам уже титул? Как вы относитесь к этой ответственности? Или вы так далеки от получения наследства, что всем всё равно, чем вы там занимаетесь, лишь бы не во вред семье? Как глава вашего семейства относится к вашей карьере искателя приключений? Вы в милости, или родственники сторонятся вас?,Есть ли у вашей семьи герб? Есть ли у вас кольцо с печатью? Может, вы одеты в особые цвета? Есть ли животное, считающееся символом вашей родословной или духовным наставником? Такие детали помогут сформировать образ вашей семьи в контексте мира и кампании.",
            "book_id": 1
        }
    },
    {
        "pk": 11,
        "model": "api.BackgroundItem",
        "fields": {
            "name": "Народный герой",
            "non_combat_items_eqip": "Ремесленные инструменты (один вид на ваш выбор), лопата, железный горшок, комплект обычной одежды, поясной кошель с 10 зм",
            "description": "У вас было низкое социальное положение, но судьбой было уготовано большее. Жители вашей родной деревни уже считают вас своим героем, но вам предначертано сражаться с тиранами и чудовищами, угрожающими другим.",
            "book_id": 1
        }
    },
    {
        "pk": 12,
        "model": "api.BackgroundItem",
        "fields": {
            "name": "Прислужник",
            "non_combat_items_eqip": "Священный символ (подаренный вам в момент принятия священного сана), молитвенник или молитвенный барабан, 5 палочек благовоний, ряса, комплект обычной одежды, поясной кошель с 15 зм",
            "description": "Вы провели свою жизнь, служа в храме, посвящённому какому-то конкретному богу или же пантеону богов. Вы — посредник между царством небесным и миром живых. Вы совершали священные ритуалы и приносили жертвоприношения для того чтобы молящиеся могли предстать пред ликом богов. Вы не обязательно жрец — совершение священных обрядов не то же самое, что направление божественной силы.,Выберите божество, пантеон богов или полубожественную сущность из тех, что перечислены в приложении Б книги игрока или предложены Мастером, и продумайте вместе с Мастером природу вашего религиозного служения. Вы были младшим служкой в храме, с детства помогающим священникам? Или вы верховный жрец, получивший видение, как можно послужить своему богу? Возможно, вы — лидер небольшого культа, не имеющего своего храма, или даже представитель оккультных сил, служивший чудовищному повелителю, но отрёкшийся от него.",
            "book_id": 1
        }
    },
    {
        "pk": 13,
        "model": "api.BackgroundItem",
        "fields": {
            "name": "Гильдейский ремесленник",
            "non_combat_items_eqip": "Один вид ремесленных инструментов, рекомендательное письмо из гильдии, комплект дорожной одежды, поясной кошель с 15 зм",
            "description": "Вы — член гильдии ремесленников, знаток в какой-то области, связанный с другими мастеровыми. Вы крепко стоите на ногах в этом торгашеском мире, отделённые своим талантом и богатством от оков феодального строя. Когда-то вы учились у мастера, под опекой гильдии, и вот вы сами стали таким умельцем.",
            "book_id": 1
        }
    },
    {
        "pk": 14,
        "model": "api.BackgroundItem",
        "fields": {
            "name": "Отшельник",
            "non_combat_items_eqip": "Контейнер для свитков, битком набитый вашими молитвами и изысканиями, тёплое одеяло, комплект обычной одежды, набор травника, 5 зм",
            "description": "Вы значительную часть своей жизни прожили в уединении — либо в закрытой общине, такой как монастырь, либо вообще в одиночестве. Вдали от шумного общества вы нашли тишину, спокойствие, а возможно, и ответы на важные вопросы.",
            "book_id": 1
        }
    },
    {
        "pk": 15,
        "model": "api.BackgroundItem",
        "fields": {
            "name": "Солдат",
            "non_combat_items_eqip": "Знак отличия, трофей с убитого врага (кинжал, сломанный клинок или кусок знамени), набор игровых костей или колода карт, комплект обычной одежды, поясной кошель с 10 зм",
            "description": "Сколько вы помните, в вашей жизни всегда была война. С молодости вы проходили тренировки, учились использовать оружие и доспехи, изучали технику выживания, включая то, как оставаться живым на поле боя. Вы могли быть частью армии страны или отряда наёмников, а может, были местным ополченцем во время войны.,Выбрав эту предысторию, определите вместе с Мастером, в какой военной организации вы состояли, до какого звания вы дослужились, и что вам за это время довелось пережить. Что это было, регулярная армия, городская стража или деревенское ополчение? Это могла быть частная армия наёмников дворянина или самостоятельный бродячий отряд наёмников.",
            "book_id": 1
        }
    },
    {
        "pk": 1,
        "model": "api.BackgroundAbility",
        "fields": {
            "ability_id": 2,
            "background_id": 1
        }
    },
    {
        "pk": 2,
        "model": "api.BackgroundAbility",
        "fields": {
            "ability_id": 17,
            "background_id": 1
        }
    },
    {
        "pk": 3,
        "model": "api.BackgroundAbility",
        "fields": {
            "ability_id": 1,
            "background_id": 2
        }
    },
    {
        "pk": 4,
        "model": "api.BackgroundAbility",
        "fields": {
            "ability_id": 13,
            "background_id": 2
        }
    },
    {
        "pk": 5,
        "model": "api.BackgroundAbility",
        "fields": {
            "ability_id": 1,
            "background_id": 3
        }
    },
    {
        "pk": 6,
        "model": "api.BackgroundAbility",
        "fields": {
            "ability_id": 13,
            "background_id": 3
        }
    },
    {
        "pk": 7,
        "model": "api.BackgroundAbility",
        "fields": {
            "ability_id": 1,
            "background_id": 4
        }
    },
    {
        "pk": 8,
        "model": "api.BackgroundAbility",
        "fields": {
            "ability_id": 14,
            "background_id": 4
        }
    },
    {
        "pk": 9,
        "model": "api.BackgroundAbility",
        "fields": {
            "ability_id": 3,
            "background_id": 5
        }
    },
    {
        "pk": 10,
        "model": "api.BackgroundAbility",
        "fields": {
            "ability_id": 4,
            "background_id": 5
        }
    },
    {
        "pk": 11,
        "model": "api.BackgroundAbility",
        "fields": {
            "ability_id": 5,
            "background_id": 6
        }
    },
    {
        "pk": 12,
        "model": "api.BackgroundAbility",
        "fields": {
            "ability_id": 6,
            "background_id": 6
        }
    },
    {
        "pk": 13,
        "model": "api.BackgroundAbility",
        "fields": {
            "ability_id": 4,
            "background_id": 7
        }
    },
    {
        "pk": 15,
        "model": "api.BackgroundAbility",
        "fields": {
            "ability_id": 15,
            "background_id": 7
        }
    },
    {
        "pk": 16,
        "model": "api.BackgroundAbility",
        "fields": {
            "ability_id": 3,
            "background_id": 8
        }
    },
    {
        "pk": 17,
        "model": "api.BackgroundAbility",
        "fields": {
            "ability_id": 15,
            "background_id": 8
        }
    },
    {
        "pk": 18,
        "model": "api.BackgroundAbility",
        "fields": {
            "ability_id": 11,
            "background_id": 9
        }
    },
    {
        "pk": 19,
        "model": "api.BackgroundAbility",
        "fields": {
            "ability_id": 15,
            "background_id": 9
        }
    },
    {
        "pk": 20,
        "model": "api.BackgroundAbility",
        "fields": {
            "ability_id": 6,
            "background_id": 10
        }
    },
    {
        "pk": 21,
        "model": "api.BackgroundAbility",
        "fields": {
            "ability_id": 18,
            "background_id": 10
        }
    },
    {
        "pk": 22,
        "model": "api.BackgroundAbility",
        "fields": {
            "ability_id": 10,
            "background_id": 11
        }
    },
    {
        "pk": 23,
        "model": "api.BackgroundAbility",
        "fields": {
            "ability_id": 14,
            "background_id": 11
        }
    },
    {
        "pk": 24,
        "model": "api.BackgroundAbility",
        "fields": {
            "ability_id": 11,
            "background_id": 12
        }
    },
    {
        "pk": 25,
        "model": "api.BackgroundAbility",
        "fields": {
            "ability_id": 9,
            "background_id": 12
        }
    },
    {
        "pk": 26,
        "model": "api.BackgroundAbility",
        "fields": {
            "ability_id": 11,
            "background_id": 13
        }
    },
    {
        "pk": 27,
        "model": "api.BackgroundAbility",
        "fields": {
            "ability_id": 18,
            "background_id": 13
        }
    },
    {
        "pk": 27,
        "model": "api.BackgroundAbility",
        "fields": {
            "ability_id": 11,
            "background_id": 14
        }
    },
    {
        "pk": 28,
        "model": "api.BackgroundAbility",
        "fields": {
            "ability_id": 9,
            "background_id": 14
        }
    },
    {
        "pk": 29,
        "model": "api.BackgroundAbility",
        "fields": {
            "ability_id": 1,
            "background_id": 15
        }
    },
    {
        "pk": 30,
        "model": "api.BackgroundAbility",
        "fields": {
            "ability_id": 16,
            "background_id": 15
        }
    },
    {
        "pk": 1,
        "model": "api.BackgroundWeaponEqip",
        "fields": {
            "weapon_id": 7,
            "background_id": 4
        }
    },
    {
        "pk": 2,
        "model": "api.BackgroundWeaponEqip",
        "fields": {
            "weapon_id": 18,
            "background_id": 5
        }
    },
    {
        "pk": 3,
        "model": "api.BackgroundWeaponEqip",
        "fields": {
            "weapon_id": 18,
            "background_id": 5
        }
    },
    {
        "pk": 4,
        "model": "api.BackgroundWeaponEqip",
        "fields": {
            "weapon_id": 18,
            "background_id": 15
        }
    },
    {
        "pk": 5,
        "model": "api.BackgroundWeaponEqip",
        "fields": {
            "weapon_id": 16,
            "background_id": 3
        }
    },
    {
        "pk": 1,
        "model": "api.BackgroundInstrumentSkill",
        "fields": {
            "instrument_mastery_id": 7,
            "background_id": 1
        }
    },
    {
        "pk": 2,
        "model": "api.BackgroundInstrumentSkill",
        "fields": {
            "instrument_mastery_id": 3,
            "background_id": 2
        }
    },
    {
        "pk": 3,
        "model": "api.BackgroundInstrumentSkill",
        "fields": {
            "instrument_mastery_id": 3,
            "background_id": 2
        }
    },
    {
        "pk": 4,
        "model": "api.BackgroundInstrumentSkill",
        "fields": {
            "instrument_mastery_id": 3,
            "background_id": 3
        }
    },
    {
        "pk": 5,
        "model": "api.BackgroundInstrumentSkill",
        "fields": {
            "instrument_mastery_id": 6,
            "background_id": 4
        }
    },
    {
        "pk": 6,
        "model": "api.BackgroundInstrumentSkill",
        "fields": {
            "instrument_mastery_id": 7,
            "background_id": 5
        }
    },
    {
        "pk": 7,
        "model": "api.BackgroundInstrumentSkill",
        "fields": {
            "instrument_mastery_id": 1,
            "background_id": 5
        }
    },
    {
        "pk": 8,
        "model": "api.BackgroundInstrumentSkill",
        "fields": {
            "instrument_mastery_id": 1,
            "background_id": 7
        }
    },
    {
        "pk": 9,
        "model": "api.BackgroundInstrumentSkill",
        "fields": {
            "instrument_mastery_id": 2,
            "background_id": 7
        }
    },
    {
        "pk": 10,
        "model": "api.BackgroundInstrumentSkill",
        "fields": {
            "instrument_mastery_id": 7,
            "background_id": 8
        }
    },
    {
        "pk": 11,
        "model": "api.BackgroundInstrumentSkill",
        "fields": {
            "instrument_mastery_id": 8,
            "background_id": 8
        }
    },
    {
        "pk": 12,
        "model": "api.BackgroundInstrumentSkill",
        "fields": {
            "instrument_mastery_id": 8,
            "background_id": 8
        }
    },
    {
        "pk": 13,
        "model": "api.BackgroundInstrumentSkill",
        "fields": {
            "instrument_mastery_id": 2,
            "background_id": 10
        }
    },
    {
        "pk": 14,
        "model": "api.BackgroundInstrumentSkill",
        "fields": {
            "instrument_mastery_id": 5,
            "background_id": 11
        }
    },
    {
        "pk": 15,
        "model": "api.BackgroundInstrumentSkill",
        "fields": {
            "instrument_mastery_id": 5,
            "background_id": 11
        }
    },
    {
        "pk": 16,
        "model": "api.BackgroundInstrumentSkill",
        "fields": {
            "instrument_mastery_id": 5,
            "background_id": 13
        }
    },
    {
        "pk": 17,
        "model": "api.BackgroundInstrumentSkill",
        "fields": {
            "instrument_mastery_id": 17,
            "background_id": 14
        }
    },
    {
        "pk": 18,
        "model": "api.BackgroundInstrumentSkill",
        "fields": {
            "instrument_mastery_id": 2,
            "background_id": 15
        }
    },
    {
        "pk": 1,
        "model": "api.BackgroundSkillItem",
        "fields": {
            "name": "По многочисленным просьбам",
            "description": "Вы всегда можете найти место для выступления. Обычно это таверна или постоялый двор, но это может быть цирк, театр или даже двор знатного господина. В этом месте вы получаете бесплатный постой и еду по скромным или комфортным стандартам (в зависимости от качества заведения), если вы выступаете каждый вечер. Кроме того, ваши выступления делают вас местной знаменитостью. Когда посторонние узнают вас в городе, в котором вы давали представление, они, скорее всего, будут к вам относиться хорошо."
        }
    },
    {
        "pk": 2,
        "model": "api.BackgroundSkillItem",
        "fields": {
            "name": "Поездка на корабле",
            "description": "Если понадобится, вы можете получить бесплатную поездку на паруснике для себя и своих спутников. Это может быть ваш старый корабль, или другой корабль, с которым вы находитесь в хороших отношениях (возможно, им командует ваш бывший напарник). Вам оказывают услугу, поэтому вы не можете устанавливать распорядок и прокладывать маршрут. Мастер сообщит, сколько времени уйдёт на плавание. В обмен на бесплатную поездку от вас и ваших спутников ожидают посильную помощь экипажу во время плавания."
        }
    },
    {
        "pk": 3,
        "model": "api.BackgroundSkillItem",
        "fields": {
            "name": "Дурная репутация",
            "description": "Где бы вы ни оказались, вас боятся из-за вашей репутации. Находясь в цивилизованном поселении, вы можете безнаказанно совершать небольшие преступления, такие как отказ платить за еду в таверне или выламывание двери в магазине, так как жители боятся сообщать о вас властям."
        }
    },
    {
        "pk": 4,
        "model": "api.BackgroundSkillItem",
        "fields": {
            "name": "Странник",
            "description": "Вы отлично запоминаете карты и местность, и всегда можете вспомнить общие характеристики местности, поселения, и прочие особенности в окрестностях. Кроме того, вы каждый день можете находить еду и пресную воду для себя и пяти других товарищей, при условии, что вокруг вас можно найти ягоды, дичь, воду и так далее."
        }
    },
    {
        "pk": 5,
        "model": "api.BackgroundSkillItem",
        "fields": {
            "name": "Городские тайны",
            "description": "Вы знаете тайные лазы и проходы городских улиц, позволяющие пройти там, где другие не увидят пути. Вне боя вы (и ведомые вами союзники) можете перемещаться по городу вдвое быстрее обычного."
        }
    },
    {
        "pk": 6,
        "model": "api.BackgroundSkillItem",
        "fields": {
            "name": "Городские тайны",
            "description": "Вы знаете тайные лазы и проходы городских улиц, позволяющие пройти там, где другие не увидят пути. Вне боя вы (и ведомые вами союзники) можете перемещаться по городу вдвое быстрее обычного."
        }
    },
    {
        "pk": 7,
        "model": "api.BackgroundSkillItem",
        "fields": {
            "name": "Исследователь",
            "description": "Если вы пытаетесь изучить или вспомнить информацию, которой вы не обладаете, вы часто знаете, где и от кого её можно получить. Обычно это библиотека, скрипторий, университет, мудрец или другое образованное существо. Мастер может решить, что искомое знание является тайной и хранится в практически недоступном месте, или что оно вообще недоступно. Поиски глубочайших тайн вселенной могут потребовать отдельного приключения или даже целой кампании."
        }
    },
    {
        "pk": 8,
        "model": "api.BackgroundSkillItem",
        "fields": {
            "name": "Криминальные связи",
            "description": "У вас есть надёжное доверенное лицо, которое выступает в роли вашего связного в криминальных кругах. Вы умеете получать и отправлять сведения связному, даже через большие расстояния: например, вы знаете местных посыльных, продажных караванщиков и нечистых на руку матросов, которые могут доставить сообщение для вас."
        }
    },
    {
        "pk": 9,
        "model": "api.BackgroundSkillItem",
        "fields": {
            "name": "Подлинная личность",
            "description": "Вы создали себе вторую личность, включая необходимые документы, знакомства и маскировку, что позволяет вам перевоплощаться в этот образ. В дополнение к этому вы можете подделывать документы, включая официальные документы и личные письма, если ранее видели пример подобного документа или почерк, который пытаетесь скопировать."
        }
    },
    {
        "pk": 10,
        "model": "api.BackgroundSkillItem",
        "fields": {
            "name": "Привилегированность",
            "description": "Благодаря знатному происхождению, другие хорошо к вам относятся. Вас принимают в высшем обществе, и считается, что у вас есть право посещать любые места. Обыватели изо всех сил стараются сделать вам приятно и избежать вашего гнева, а другие высокородные считают вас своей ровней. Если нужно, вы можете получить аудиенцию местного дворянина."
        }
    },
    {
        "pk": 11,
        "model": "api.BackgroundSkillItem",
        "fields": {
            "name": "Деревенское гостеприимство",
            "description": "Вы сами из простого народа, и потому легко находите с ними общий язык. Вы можете найти место, чтобы спрятаться, отдохнуть или подлечиться среди обывателей, если только вы не угрожаете им. Они укроют вас от представителей закона и тех, кто ищет вас, но своими жизнями за вас они рисковать не будут."
        }
    },
    {
        "pk": 12,
        "model": "api.BackgroundSkillItem",
        "fields": {
            "name": "Приют для верующих",
            "description": "Вы и ваши спутники можете рассчитывать на бесплатное лечение и уход в храмах, святынях и других подобных местах, посвящённых вашей вере. Вам придётся предоставить материальные компоненты для заклинаний, если таковые понадобятся. Те, кто разделяют вашу веру, могут обеспечить вам (но только вам) скромное существование.,У вас также могут быть связи с каким-то конкретным храмом, посвящённым вашему божеству или пантеону, в котором у вас есть жилая комната. Пока вы находитесь с этим храмом в хороших отношениях, находясь неподалёку от него, вы можете попросить у его служителей помощи, если она не подвергнет их опасности."
        }
    },
    {
        "pk": 13,
        "model": "api.BackgroundSkillItem",
        "fields": {
            "name": "Членство в гильдии",
            "description": "Будучи авторитетным и уважаемым членом гильдии, вы можете пользоваться особыми преимуществами, предоставляемыми этим членством. Ваши товарищи по гильдии при необходимости предоставят вам жилище и питание, и даже оплатят ваши похороны. В некоторых городах у гильдий есть место для сбора, и там можно потенциально встретить покровителей, союзников и наёмников. Гильдии часто обладают значительной политической властью. Если вас обвинят в преступлении, гильдия может помочь, если существует вероятность оправдательного приговора. Благодаря гильдии вы получаете доступ к влиятельным политикам, если состоите в гильдии на хорошем счету. Для таких связей может потребоваться жертвование денег или магических предметов в казну гильдии. Каждый месяц вы должны выплачивать гильдии 5 зм. Если вы пропустите платёж, вы должны вначале оплатить все долги, и только тогда восстановите своё доброе имя в гильдии."
        }
    },
    {
        "pk": 14,
        "model": "api.BackgroundSkillItem",
        "fields": {
            "name": "Откровение",
            "description": "Тихое уединение в долгом отшельничестве дало вам доступ к великому откровению. Точная природа этого откровения зависит от характера вашего уединения. Это может быть истина о вселенной, божествах, влиятельных созданиях на внешних планах, или силах природы. Это может быть место, которое никто и никогда не видел. Вы могли обнаружить что-то, что давно было забыто, или найти реликвию прошлого, способную переписать историю. Это может быть информация, которая может причинить вред тем, кто изгнал вас, и тем самым ставшая причиной возвращения в общество.,Придумайте вместе с Мастером детали вашего откровения и его влияние на кампанию."
        }
    },
    {
        "pk": 15,
        "model": "api.BackgroundSkillItem",
        "fields": {
            "name": "Воинское звание",
            "description": "Будучи солдатом, вы заслужили звание. Солдаты, верные военной организации, которой вы раньше принадлежали, всё еще признают вашу власть и влияние, и они подчиняются вам, если их звание ниже вашего. С помощью своего звания вы можете оказывать влияние на других солдат и брать во временное пользование простое снаряжение или лошадей. Возможно, вас пропустят внутрь военного лагеря или крепости, если к вашему званию отнесутся с уважением."
        }
    },
    {
        "pk": 1,
        "model": "api.BackgroundSkill",
        "fields": {
            "background_id": 1,
            "skill_id": 1
        }
    },
    {
        "pk": 2,
        "model": "api.BackgroundSkill",
        "fields": {
            "background_id": 2,
            "skill_id": 2
        }
    },
    {
        "pk": 3,
        "model": "api.BackgroundSkill",
        "fields": {
            "background_id": 3,
            "skill_id": 3
        }
    },
    {
        "pk": 4,
        "model": "api.BackgroundSkill",
        "fields": {
            "background_id": 4,
            "skill_id": 4
        }
    },
    {
        "pk": 5,
        "model": "api.BackgroundSkill",
        "fields": {
            "background_id": 5,
            "skill_id": 5
        }
    },
    {
        "pk": 6,
        "model": "api.BackgroundSkill",
        "fields": {
            "background_id": 6,
            "skill_id": 6
        }
    },
    {
        "pk": 7,
        "model": "api.BackgroundSkill",
        "fields": {
            "background_id": 7,
            "skill_id": 7
        }
    },
    {
        "pk": 9,
        "model": "api.BackgroundSkill",
        "fields": {
            "background_id": 8,
            "skill_id": 8
        }
    },
    {
        "pk": 10,
        "model": "api.BackgroundSkill",
        "fields": {
            "background_id": 9,
            "skill_id": 9
        }
    },
    {
        "pk": 11,
        "model": "api.BackgroundSkill",
        "fields": {
            "background_id": 10,
            "skill_id": 10
        }
    },
    {
        "pk": 12,
        "model": "api.BackgroundSkill",
        "fields": {
            "background_id": 11,
            "skill_id": 11
        }
    },
    {
        "pk": 13,
        "model": "api.BackgroundSkill",
        "fields": {
            "background_id": 12,
            "skill_id": 12
        }
    },
    {
        "pk": 14,
        "model": "api.BackgroundSkill",
        "fields": {
            "background_id": 13,
            "skill_id": 13
        }
    },
    {
        "pk": 15,
        "model": "api.BackgroundSkill",
        "fields": {
            "background_id": 14,
            "skill_id": 14
        }
    },
    {
        "pk": 16,
        "model": "api.BackgroundSkill",
        "fields": {
            "background_id": 15,
            "skill_id": 15
        }
    },
    {
        "pk": 1,
        "model": "api.BackgroundLanguge",
        "fields": {
            "background_id": 4,
            "language_id": 9
        }
    },
    {
        "pk": 2,
        "model": "api.BackgroundLanguge",
        "fields": {
            "background_id": 6,
            "language_id": 9
        }
    },
    {
        "pk": 3,
        "model": "api.BackgroundLanguge",
        "fields": {
            "background_id": 6,
            "language_id": 9
        }
    },
    {
        "pk": 4,
        "model": "api.BackgroundLanguge",
        "fields": {
            "background_id": 10,
            "language_id": 9
        }
    },
    {
        "pk": 5,
        "model": "api.BackgroundLanguge",
        "fields": {
            "background_id": 12,
            "language_id": 9
        }
    },
    {
        "pk": 6,
        "model": "api.BackgroundLanguge",
        "fields": {
            "background_id": 12,
            "language_id": 9
        }
    },
    {
        "pk": 7,
        "model": "api.BackgroundLanguge",
        "fields": {
            "background_id": 13,
            "language_id": 9
        }
    },
    {
        "pk": 8,
        "model": "api.BackgroundLanguge",
        "fields": {
            "background_id": 14,
            "language_id": 9
        }
    }
]