[
    {
        "pk": 1,
        "model": "api.ReferenceBook",
        "fields": {
            "book_name": "reference_book"
        }
    },
    {
        "pk": 1,
        "model": "api.ReferenceBookCharRace",
        "fields": {
            "char_race_name": "Human",
            "age": 25,
            "max_age": 120,
            "size": 5,
            "weight": "medium",
            "speed": 30,
            "preferred_worldview": "Любое",
            "race_description": "Люди являются самыми приспособленным и амбициозным народом среди распространённых рас. Их вкусы, нравы и обычаи сильно отличаются во множестве разных земель, где они поселились. Однако там, где они селятся, они остаются надолго: строят города, стоящие веками, и великие королевства, сохраняющиеся множество столетий. У отдельного человека может быть относительно короткая продолжительность жизни, но человеческая нация и культура сохраняет традиции от своих истоков на время, намного превышающее память одного человека. Они живут сегодняшним днём, что весьма хорошо подходит для приключенческой жизни, и позволяет вдобавок строить планы на будущее, со стремлением оставить после себя прочное наследие. Индивидуально или в группах, люди легко приспосабливаются к ситуации, и всегда остаются внимательными к изменяющейся политической и социальной динамике.",
            "book_id": 1
        }
    },
    {
        "pk": 2,
        "model": "api.ReferenceBookCharRace",
        "fields": {
            "char_race_name": "Half orc",
            "age": 25,
            "max_age": 120,
            "size": 6,
            "weight": "medium",
            "speed": 30,
            "preferred_worldview": "Хаос",
            "race_description": "Крепкие и покрытые шрамами. Серый цвет кожи, плоский лоб, выступающая челюсть, торчащие клыки и могучее телосложение не оставляет сомнений в орочьем происхождении для любого, кто смотрит на полуорка. ",
            "book_id": 1
        }
    },
    {
        "pk": 3,
        "model": "api.ReferenceBookCharRace",
        "fields": {
            "char_race_name": "Dwarf",
            "subrace_avalible": true,
            "age": 25,
            "max_age": 350,
            "size": 4,
            "weight": "medium",
            "speed": 25,
            "race_description": "Смелые и выносливые дварфы известны как опытные воины, шахтёры, камнетёсы и металлурги. Хотя они и не превышают 5 футов (152 сантиметра) в высоту, дварфы настолько широкоплечие и плотные, что весят столько же, сколько превосходящий их в росте на 2 фута (60 сантиметров) человек. Их отвага и выносливость также не уступает представителям более высоких народов.",
            "preferred_worldview": "Добро",
            "book_id": 1
        }
    },
    {
        "pk": 4,
        "model": "api.ReferenceBookCharRace",
        "fields": {
            "char_race_name": "Gnome",
            "subrace_avalible": true,
            "age": 25,
            "max_age": 500,
            "size": 3,
            "weight": "small",
            "speed": 25,
            "race_description": "Нескончаемый гул трудолюбия слышен там, где селятся сплочённые общества гномов. Гул пронзают и звуки погромче: то тут, то там раздаётся скрежет шестерней, отголоски взрыва, возгласы удивления или триумфа, и, особенно часто — звонкий смех. Гномы восторгаются жизнью, каждый миг наслаждаясь новым изобретением, открытием, исследованием, созиданием или шалость",
            "preferred_worldview": "Добро",
            "book_id": 1
        }
    },
    {
        "pk": 5,
        "model": "api.ReferenceBookCharRace",
        "fields": {
            "char_race_name": "Elves",
            "subrace_avalible": true,
            "age": 25,
            "max_age": 750,
            "size": 5,
            "weight": "medium",
            "speed": 30,
            "race_description": "Обладая неземным изяществом и тонкими чертами, эльфы кажутся людям и представителям других рас чересчур красивыми. В среднем, они немного ниже людей, их рост колеблется от 5 до 6 футов (от 150 до 185 сантиметров). Они стройнее людей, и весят от 100 до 145 фунтов (от 45 до 65 килограмм). Мужчины и женщины почти одинакового роста, и мужчины весят лишь незначительно больше.",
            "preferred_worldview": "Любое",
            "book_id": 1
        }
    },
    {
        "pk": 6,
        "model": "api.ReferenceBookCharRace",
        "fields": {
            "char_race_name": "Half elve",
            "age": 25,
            "max_age": 180,
            "size": 5,
            "weight": "medium",
            "speed": 30,
            "race_description": "Бродящие по двум мирам, но в действительности, не принадлежащие ни одному из них. Полуэльфы сочетают в себе, как некоторые говорят, лучшие качества обеих рас: человеческие любознательность, изобретательность и амбиции, приправленные изысканными чувствами, любовью к природе и ощущением прекрасного, свойственными эльфам.",
            "preferred_worldview": "Хаос",
            "book_id": 1
        }
    },
    {
        "pk": 7,
        "model": "api.ReferenceBookCharRace",
        "fields": {
            "char_race_name": "Halfling",
            "subrace_avalible": true,
            "age": 25,
            "max_age": 250,
            "size": 3,
            "weight": "small",
            "speed": 25,
            "race_description": "Целью большинства полуросликов является домашний уют. Место, где можно поселиться в покое и тишине, подальше от мародёрствующих чудовищ и сражающихся армий. Огонь очага, сытная пища, добрая выпивка и добрая беседа. Хотя некоторые полурослики проживают свой век в удалённых сельских общинах, другие сбиваются в постоянно кочующие общины, влекомые открытыми дорогами, широкими горизонтами и возможностью открыть чудеса новых мест и новых людей. Но даже такие кочевники любят покой, вкусную еду, свой очаг и свой дом, даже если это повозка, трясущаяся по пыльной дороге или плот, плывущий по течению реки.",
            "preferred_worldview": "Законно-добрый",
            "book_id": 1
        }
    },
    {
        "pk": 8,
        "model": "api.ReferenceBookCharRace",
        "fields": {
            "char_race_name": "Aasimars",
            "subrace_avalible": true,
            "age": 160,
            "size": 5,
            "weight": "medium or small",
            "speed": 30,
            "race_description": "Аасимары несут в себе дух небесного света. Они происходят от людей, осененных силой с Горы Селестии, божественных чертогов многих законно–добрых божеств. Аасимары рождаются, чтобы служить поборниками богов, их рождение провозглашается как благодать. Внешне они люди другого мира, ярко выраженные особенности которых выдают их небесное происхождение.",
            "book_id": 1
        }
    },
    {
        "pk": 9,
        "model": "api.ReferenceBookCharRace",
        "fields": {
            "char_race_name": "Dragonborn",
            "age": 25,
            "max_age": 80,
            "size": 6,
            "weight": "medium",
            "speed": 30,
            "race_description": "Драконорождённые выглядят как драконы, стоящие на задних лапах и принявшие гуманоидную форму, потеряв при этом крылья и хвост. Первые из них обладали чешуёй оттенков, присущих драконам разных видов, но поколения непрерывного скрещивания привели к появлению единого цвета. Их маленькие, аккуратные чешуйки обычно цвета меди или латуни, иногда с алым, золотым, медно-зелёным или рыжим оттенком. Они высоки и крепки, часто достигая шести с половиной футов (двух метров) в высоту и обладая весом свыше 300 фунтов (130 килограмм).",
            "preferred_worldview": "Добро/Зло",
            "book_id": 1
        }
    },
    {
        "pk": 10,
        "model": "api.ReferenceBookCharRace",
        "fields": {
            "char_race_name": "Tiefling",
            "age": 25,
            "max_age": 130,
            "size": 6,
            "weight": "medium",
            "speed": 30,
            "race_description": "Тифлинги произошли от людей, и по большому счёту всё ещё выглядят как люди. Тем не менее, их дьявольское наследие оставило заметный отпечаток на внешности. У тифлингов есть большие рога, принимающие различные формы: у некоторых витые рога, как у барана, у других длинные и прямые, как у газели, у третьих спиральные, как у антилопы. Их толстый хвост, от 120 до 150 сантиметров длиной, вьётся между ног, похлёстывая их, когда тифлинг нервничает.",
            "preferred_worldview": "Зло",
            "book_id": 1
        }
    },
    {
        "pk": 1,
        "model": "api.ReferenceBookSubRace",
        "fields": {
            "subrace_name": "Дварф Горный",
            "subrace_active": false,
            "race_id": 3
        }
    },
    {
        "pk": 2,
        "model": "api.ReferenceBookSubRace",
        "fields": {
            "subrace_name": "Protector",
            "subrace_active": false,
            "race_id": 8
        }
    },
    {
        "pk": 3,
        "model": "api.ReferenceBookSubRace",
        "fields": {
            "subrace_name": "Scourge",
            "subrace_active": true,
            "race_id": 8
        }
    },
    {
        "pk": 4,
        "model": "api.ReferenceBookSubRace",
        "fields": {
            "subrace_name": "Fallen",
            "subrace_active": false,
            "race_id": 8
        }
    },
    {
        "pk": 5,
        "model": "api.ReferenceBookSubRace",
        "fields": {
            "subrace_name": "Лесной Эльф",
            "subrace_active": false,
            "race_id": 5
        }
    },
    {
        "pk": 6,
        "model": "api.ReferenceBookSubRace",
        "fields": {
            "subrace_name": "Высший Эльф",
            "subrace_active": false,
            "race_id": 5
        }
    },
    {
        "pk": 7,
        "model": "api.ReferenceBookSubRace",
        "fields": {
            "subrace_name": "Дроу",
            "subrace_active": true,
            "race_id": 5
        }
    },
    {
        "pk": 8,
        "model": "api.ReferenceBookSubRace",
        "fields": {
            "subrace_name": "Лесной гном",
            "subrace_active": false,
            "race_id": 4
        }
    },
    {
        "pk": 9,
        "model": "api.ReferenceBookSubRace",
        "fields": {
            "subrace_name": "Скальный гном",
            "subrace_active": true,
            "race_id": 4
        }
    },
    {
        "pk": 10,
        "model": "api.ReferenceBookSubRace",
        "fields": {
            "subrace_name": "Холмовой дворф",
            "subrace_active": true,
            "race_id": 3
        }
    },
    {
        "pk": 11,
        "model": "api.ReferenceBookSubRace",
        "fields": {
            "subrace_name": "Коренастый полурослик",
            "subrace_active": false,
            "race_id": 7
        }
    },
    {
        "pk": 12,
        "model": "api.ReferenceBookSubRace",
        "fields": {
            "subrace_name": "Легконогий полурослик",
            "subrace_active": true,
            "race_id": 7
        }
    },
    {
        "pk": 1,
        "model": "api.ReferenceBookCharRaceBonuces",
        "fields": {
            "str_bonuce": 1,
            "dex_bonuce": 1,
            "con_bonuce": 1,
            "int_bonuce": 1,
            "wis_bonuce": 1,
            "cha_bonuce": 1,
            "race_id": 1
        }
    },
    {
        "pk": 2,
        "model": "api.ReferenceBookCharRaceBonuces",
        "fields": {
            "str_bonuce": 2,
            "dex_bonuce": 0,
            "con_bonuce": 1,
            "int_bonuce": 0,
            "wis_bonuce": 0,
            "cha_bonuce": 0,
            "race_id": 2
        }
    },
    {
        "pk": 3,
        "model": "api.ReferenceBookCharRaceBonuces",
        "fields": {
            "str_bonuce": 0,
            "dex_bonuce": 0,
            "con_bonuce": 2,
            "int_bonuce": 0,
            "wis_bonuce": 0,
            "cha_bonuce": 0,
            "race_id": 3
        }
    },
    {
        "pk": 4,
        "model": "api.ReferenceBookCharRaceBonuces",
        "fields": {
            "str_bonuce": 0,
            "dex_bonuce": 0,
            "con_bonuce": 0,
            "int_bonuce": 2,
            "wis_bonuce": 0,
            "cha_bonuce": 0,
            "race_id": 4
        }
    },
    {
        "pk": 5,
        "model": "api.ReferenceBookCharRaceBonuces",
        "fields": {
            "str_bonuce": 0,
            "dex_bonuce": 2,
            "con_bonuce": 0,
            "int_bonuce": 0,
            "wis_bonuce": 0,
            "cha_bonuce": 0,

            "race_id": 5
        }
    },
    {
        "pk": 6,
        "model": "api.ReferenceBookCharRaceBonuces",
        "fields": {
            "str_bonuce": 0,
            "dex_bonuce": 1,
            "con_bonuce": 0,
            "int_bonuce": 1,
            "wis_bonuce": 0,
            "cha_bonuce": 2,
            "race_id": 6
        }
    },
    {
        "pk": 7,
        "model": "api.ReferenceBookCharRaceBonuces",
        "fields": {
            "str_bonuce": 0,
            "dex_bonuce": 2,
            "con_bonuce": 0,
            "int_bonuce": 0,
            "wis_bonuce": 0,
            "cha_bonuce": 0,
            "race_id": 7
        }
    },
    {
        "pk": 8,
        "model": "api.ReferenceBookCharRaceBonuces",
        "fields": {
            "str_bonuce": 0,
            "dex_bonuce": 0,
            "con_bonuce": 0,
            "int_bonuce": 0,
            "wis_bonuce": 0,
            "cha_bonuce": 2,
            "race_id": 8
        }
    },
    {
        "pk": 9,
        "model": "api.ReferenceBookCharRaceBonuces",
        "fields": {
            "str_bonuce": 6,
            "dex_bonuce": 5,
            "con_bonuce": 4,
            "int_bonuce": 3,
            "wis_bonuce": 2,
            "cha_bonuce": 1,
            "race_id": 9
        }
    },
    {
        "pk": 10,
        "model": "api.ReferenceBookCharRaceBonuces",
        "fields": {
            "str_bonuce": 2,
            "dex_bonuce": 0,
            "con_bonuce": 0,
            "int_bonuce": 0,
            "wis_bonuce": 0,
            "cha_bonuce": 1,
            "race_id": 10
        }
    },
  
    {
        "pk": 1,
        "model": "api.ReferenceBookSubRaceBonuces",
        "fields": {
            "str_bonuce": 0,
            "dex_bonuce": 0,
            "con_bonuce": 0,
            "int_bonuce": 0,
            "wis_bonuce": 0,
            "cha_bonuce": 0,

            "subrace_id": 2
        }
    },
    {
        "pk": 2,
        "model": "api.ReferenceBookSubRaceBonuces",
        "fields": {
            "str_bonuce": 0,
            "dex_bonuce": 2,
            "con_bonuce": 0,
            "int_bonuce": 0,
            "wis_bonuce": 0,
            "cha_bonuce": 0,

            "subrace_id": 5
        }
    },
    {
        "pk": 3,
        "model": "api.ReferenceBookSubRaceBonuces",
        "fields": {
            "str_bonuce": 0,
            "dex_bonuce": 2,
            "con_bonuce": 0,
            "int_bonuce": 1,
            "wis_bonuce": 0,
            "cha_bonuce": 0,

            "subrace_id": 6
        }
    },
    {
        "pk": 4,
        "model": "api.ReferenceBookSubRaceBonuces",
        "fields": {
            "str_bonuce": 0,
            "dex_bonuce": 2,
            "con_bonuce": 0,
            "int_bonuce": 0,
            "wis_bonuce": 0,
            "cha_bonuce": 1,

            "subrace_id": 7
        }
    },
    {
        "pk": 5,
        "model": "api.ReferenceBookSubRaceBonuces",
        "fields": {
            "str_bonuce": 0,
            "dex_bonuce": 1,
            "con_bonuce": 0,
            "int_bonuce": 2,
            "wis_bonuce": 0,
            "cha_bonuce": 1,

            "subrace_id": 8
        }
    },
    {
        "pk": 6,
        "model": "api.ReferenceBookSubRaceBonuces",
        "fields": {
            "str_bonuce": 0,
            "dex_bonuce": 0,
            "con_bonuce": 1,
            "int_bonuce": 2,
            "wis_bonuce": 0,
            "cha_bonuce": 0,

            "subrace_id": 9
        }
    },
    {
        "pk": 7,
        "model": "api.ReferenceBookSubRaceBonuces",
        "fields": {
            "str_bonuce": 2,
            "dex_bonuce": 0,
            "con_bonuce": 2,
            "int_bonuce": 0,
            "wis_bonuce": 0,
            "cha_bonuce": 0,

            "subrace_id": 1
        }
    },
    {
        "pk": 8,
        "model": "api.ReferenceBookSubRaceBonuces",
        "fields": {
            "str_bonuce": 0,
            "dex_bonuce": 0,
            "con_bonuce": 2,
            "int_bonuce": 0,
            "wis_bonuce": 1,
            "cha_bonuce": 0,

            "subrace_id": 10
        }
    },
    {
        "pk": 9,
        "model": "api.ReferenceBookSubRaceBonuces",
        "fields": {
            "str_bonuce": 0,
            "dex_bonuce": 2,
            "con_bonuce": 1,
            "int_bonuce": 0,
            "wis_bonuce": 0,
            "cha_bonuce": 0,

            "subrace_id": 11
        }
    },
    {
        "pk": 10,
        "model": "api.ReferenceBookSubRaceBonuces",
        "fields": {
            "str_bonuce": 0,
            "dex_bonuce": 2,
            "con_bonuce": 0,
            "int_bonuce": 0,
            "wis_bonuce": 0,
            "cha_bonuce": 1,

            "subrace_id": 12
        }
    },
    {
        "pk": 11,
        "model": "api.ReferenceBookSubRaceBonuces",
        "fields": {
            "str_bonuce": 0,
            "dex_bonuce": 0,
            "con_bonuce": 0,
            "int_bonuce": 0,
            "wis_bonuce": 0,
            "cha_bonuce": 0,

            "subrace_id": 3
        }
    },
    {
        "pk": 12,
        "model": "api.ReferenceBookSubRaceBonuces",
        "fields": {
            "str_bonuce": 0,
            "dex_bonuce": 0,
            "con_bonuce": 0,
            "int_bonuce": 0,
            "wis_bonuce": 0,
            "cha_bonuce": 0,

            "subrace_id": 4
        }
    }


    
]